Feature_1,Feature_2,p_fdr
Calm_Direct_FinalMax,Calm_Avert_FinalMax,7.683569757631657e-41
Calm_Direct_FinalMax,Angry_Direct_FinalMax,3.353681697769675e-42
Calm_Direct_FinalMax,Angry_Avert_FinalMax,5.986592870381515e-41
Calm_Direct_FinalMax,Fix_a_d_BG,0.6977043686330323
Calm_Direct_FinalMax,Fix_a_d_EY,0.47651069078881464
Calm_Direct_FinalMax,Fix_a_d_MO,0.2112831290695955
Calm_Direct_FinalMax,Fix_a_a_BG,0.7251330210222614
Calm_Direct_FinalMax,Fix_a_a_EY,0.6705212699133665
Calm_Direct_FinalMax,Fix_a_a_MO,0.177343504892834
Calm_Direct_FinalMax,Fix_c_d_BG,0.6371942726226361
Calm_Direct_FinalMax,Fix_c_d_EY,0.5230211061711514
Calm_Direct_FinalMax,Fix_c_d_MO,0.31255576205144286
Calm_Direct_FinalMax,Fix_c_a_BG,0.7603216054865902
Calm_Direct_FinalMax,Fix_c_a_EY,0.5598691322036343
Calm_Direct_FinalMax,Fix_c_a_MO,0.2623363178227734
Calm_Direct_FinalMax,Dwell_a_d_BG,0.7586944479786051
Calm_Direct_FinalMax,Dwell_a_d_EY,0.6672642680464317
Calm_Direct_FinalMax,Dwell_a_d_MO,0.19934839660111703
Calm_Direct_FinalMax,Dwell_a_a_BG,0.7022890039375035
Calm_Direct_FinalMax,Dwell_a_a_EY,0.8508193501215714
Calm_Direct_FinalMax,Dwell_a_a_MO,0.16675120950512193
Calm_Direct_FinalMax,Dwell_c_d_BG,0.6821867227072935
Calm_Direct_FinalMax,Dwell_c_d_EY,0.625130653846993
Calm_Direct_FinalMax,Dwell_c_d_MO,0.2314817314851983
Calm_Direct_FinalMax,Dwell_c_a_BG,0.6902709389691392
Calm_Direct_FinalMax,Dwell_c_a_EY,0.6594082264696347
Calm_Direct_FinalMax,Dwell_c_a_MO,0.5153722041891288
Calm_Direct_FinalMax,pctFirstFixa_aEY,0.928813170032339
Calm_Direct_FinalMax,pctFirstFixa_aMO,0.29683450530705296
Calm_Direct_FinalMax,pctFirstFixa_aBG,0.40547574321909585
Calm_Direct_FinalMax,pctFirstFixc_aEY,0.9226515731499475
Calm_Direct_FinalMax,pctFirstFixc_aMO,0.28525637440536394
Calm_Direct_FinalMax,pctFirstFixc_aBG,0.5984092952853609
Calm_Direct_FinalMax,pctFirstFixa_dEY,0.8387835641330667
Calm_Direct_FinalMax,pctFirstFixa_dMO,0.5740261481567415
Calm_Direct_FinalMax,pctFirstFixa_dBG,0.6486532845579024
Calm_Direct_FinalMax,pctFirstFixc_dEY,0.9756055388755704
Calm_Direct_FinalMax,pctFirstFixc_dMO,0.38948993518649994
Calm_Direct_FinalMax,pctFirstFixc_dBG,0.30559689770779774
Calm_Direct_FinalMax,meanRT-a_a,0.37642941286194603
Calm_Direct_FinalMax,meanRT-c_a,0.31862205141613037
Calm_Direct_FinalMax,meanRT-a_d,0.42593260054195836
Calm_Direct_FinalMax,meanRT-c_d,0.4151174207819009
Calm_Direct_FinalMax,msTotal.a_a,0.3643793782198354
Calm_Direct_FinalMax,msTotal.a_c,0.727703799403054
Calm_Direct_FinalMax,msTotal.d_a,0.9302031784637262
Calm_Direct_FinalMax,msTotal.d_c,0.9322284763028723
Calm_Direct_FinalMax,pctOffscreen.a_a,0.8164641011431211
Calm_Direct_FinalMax,pctOffscreen.a_c,0.3593446742018046
Calm_Direct_FinalMax,pctOffscreen.d_a,0.35684273133321087
Calm_Direct_FinalMax,pctOffscreen.d_c,0.8338953227516676
Calm_Direct_FinalMax,pctOnBackground.a_a,0.24144657583088294
Calm_Direct_FinalMax,pctOnBackground.a_c,0.11984781220730441
Calm_Direct_FinalMax,pctOnBackground.d_a,0.12216177690491174
Calm_Direct_FinalMax,pctOnBackground.d_c,0.22643706967695718
Calm_Direct_FinalMax,pctSamplesOffscreenL,0.9178630537618183
Calm_Direct_FinalMax,pctSamplesOffscreenR,0.8938347363231839
Calm_Direct_FinalMax,ARI_6_P,0.7211242353652446
Calm_Direct_FinalMax,SCARED_P,0.7722681728894056
Calm_Avert_FinalMax,Angry_Direct_FinalMax,6.137483413815377e-36
Calm_Avert_FinalMax,Angry_Avert_FinalMax,1.4150384717985543e-40
Calm_Avert_FinalMax,Fix_a_d_BG,0.8164641011431211
Calm_Avert_FinalMax,Fix_a_d_EY,0.5751145041923207
Calm_Avert_FinalMax,Fix_a_d_MO,0.35150733322081035
Calm_Avert_FinalMax,Fix_a_a_BG,0.8726333476034138
Calm_Avert_FinalMax,Fix_a_a_EY,0.7632318846608231
Calm_Avert_FinalMax,Fix_a_a_MO,0.34270735986414114
Calm_Avert_FinalMax,Fix_c_d_BG,0.7969788226352117
Calm_Avert_FinalMax,Fix_c_d_EY,0.583050988486516
Calm_Avert_FinalMax,Fix_c_d_MO,0.4893479173303146
Calm_Avert_FinalMax,Fix_c_a_BG,0.89327455856075
Calm_Avert_FinalMax,Fix_c_a_EY,0.583050988486516
Calm_Avert_FinalMax,Fix_c_a_MO,0.4151174207819009
Calm_Avert_FinalMax,Dwell_a_d_BG,0.9221150442449177
Calm_Avert_FinalMax,Dwell_a_d_EY,0.7945601677390767
Calm_Avert_FinalMax,Dwell_a_d_MO,0.3398716301601921
Calm_Avert_FinalMax,Dwell_a_a_BG,0.8932352908898701
Calm_Avert_FinalMax,Dwell_a_a_EY,0.9690295318055776
Calm_Avert_FinalMax,Dwell_a_a_MO,0.32695842179077705
Calm_Avert_FinalMax,Dwell_c_d_BG,0.8710153692064719
Calm_Avert_FinalMax,Dwell_c_d_EY,0.7175964372609018
Calm_Avert_FinalMax,Dwell_c_d_MO,0.38269386197435923
Calm_Avert_FinalMax,Dwell_c_a_BG,0.8924462345430042
Calm_Avert_FinalMax,Dwell_c_a_EY,0.7183193223088336
Calm_Avert_FinalMax,Dwell_c_a_MO,0.7251330210222614
Calm_Avert_FinalMax,pctFirstFixa_aEY,0.9352977032539065
Calm_Avert_FinalMax,pctFirstFixa_aMO,0.451875510499534
Calm_Avert_FinalMax,pctFirstFixa_aBG,0.5538815220315683
Calm_Avert_FinalMax,pctFirstFixc_aEY,0.9437326907160307
Calm_Avert_FinalMax,pctFirstFixc_aMO,0.4217182913758211
Calm_Avert_FinalMax,pctFirstFixc_aBG,0.8421418103129367
Calm_Avert_FinalMax,pctFirstFixa_dEY,0.853920829116405
Calm_Avert_FinalMax,pctFirstFixa_dMO,0.7978016245467041
Calm_Avert_FinalMax,pctFirstFixa_dBG,0.7931304544003809
Calm_Avert_FinalMax,pctFirstFixc_dEY,0.9736479798678747
Calm_Avert_FinalMax,pctFirstFixc_dMO,0.522494473402897
Calm_Avert_FinalMax,pctFirstFixc_dBG,0.47600712588153227
Calm_Avert_FinalMax,meanRT-a_a,0.46993573886815354
Calm_Avert_FinalMax,meanRT-c_a,0.4458790453162919
Calm_Avert_FinalMax,meanRT-a_d,0.5336645303186822
Calm_Avert_FinalMax,meanRT-c_d,0.5404188635526037
Calm_Avert_FinalMax,msTotal.a_a,0.4151174207819009
Calm_Avert_FinalMax,msTotal.a_c,0.722017073121779
Calm_Avert_FinalMax,msTotal.d_a,0.7945601677390767
Calm_Avert_FinalMax,msTotal.d_c,0.9630826602971929
Calm_Avert_FinalMax,pctOffscreen.a_a,0.9276100748313404
Calm_Avert_FinalMax,pctOffscreen.a_c,0.4343313891376316
Calm_Avert_FinalMax,pctOffscreen.d_a,0.3865775126797788
Calm_Avert_FinalMax,pctOffscreen.d_c,0.9276100748313404
Calm_Avert_FinalMax,pctOnBackground.a_a,0.48252977174312983
Calm_Avert_FinalMax,pctOnBackground.a_c,0.29418677886849115
Calm_Avert_FinalMax,pctOnBackground.d_a,0.2837669598981363
Calm_Avert_FinalMax,pctOnBackground.d_c,0.43219933919509407
Calm_Avert_FinalMax,pctSamplesOffscreenL,0.8675245125748013
Calm_Avert_FinalMax,pctSamplesOffscreenR,0.8584107916143494
Calm_Avert_FinalMax,ARI_6_P,0.7251330210222614
Calm_Avert_FinalMax,SCARED_P,0.8145084651594132
Angry_Direct_FinalMax,Angry_Avert_FinalMax,1.4446718144373593e-38
Angry_Direct_FinalMax,Fix_a_d_BG,0.8277894250085974
Angry_Direct_FinalMax,Fix_a_d_EY,0.46993573886815354
Angry_Direct_FinalMax,Fix_a_d_MO,0.28188305729601015
Angry_Direct_FinalMax,Fix_a_a_BG,0.8688208045634063
Angry_Direct_FinalMax,Fix_a_a_EY,0.6661843421008969
Angry_Direct_FinalMax,Fix_a_a_MO,0.3064019717170016
Angry_Direct_FinalMax,Fix_c_d_BG,0.7965412939228417
Angry_Direct_FinalMax,Fix_c_d_EY,0.49349403908178924
Angry_Direct_FinalMax,Fix_c_d_MO,0.3764905866344537
Angry_Direct_FinalMax,Fix_c_a_BG,0.8470882265719889
Angry_Direct_FinalMax,Fix_c_a_EY,0.5538815220315683
Angry_Direct_FinalMax,Fix_c_a_MO,0.38185634204927743
Angry_Direct_FinalMax,Dwell_a_d_BG,0.8794854881188165
Angry_Direct_FinalMax,Dwell_a_d_EY,0.7049955652887959
Angry_Direct_FinalMax,Dwell_a_d_MO,0.28157255852961854
Angry_Direct_FinalMax,Dwell_a_a_BG,0.8682198541590124
Angry_Direct_FinalMax,Dwell_a_a_EY,0.8930476484111436
Angry_Direct_FinalMax,Dwell_a_a_MO,0.3178639548789101
Angry_Direct_FinalMax,Dwell_c_d_BG,0.8424038085683792
Angry_Direct_FinalMax,Dwell_c_d_EY,0.6629611668710573
Angry_Direct_FinalMax,Dwell_c_d_MO,0.2939016717607265
Angry_Direct_FinalMax,Dwell_c_a_BG,0.8316206975708251
Angry_Direct_FinalMax,Dwell_c_a_EY,0.7049955652887959
Angry_Direct_FinalMax,Dwell_c_a_MO,0.7108431216205255
Angry_Direct_FinalMax,pctFirstFixa_aEY,0.972168237593056
Angry_Direct_FinalMax,pctFirstFixa_aMO,0.4204763632811536
Angry_Direct_FinalMax,pctFirstFixa_aBG,0.5790724005281059
Angry_Direct_FinalMax,pctFirstFixc_aEY,0.9019241441021502
Angry_Direct_FinalMax,pctFirstFixc_aMO,0.42813197228070643
Angry_Direct_FinalMax,pctFirstFixc_aBG,0.7000931461705708
Angry_Direct_FinalMax,pctFirstFixa_dEY,0.8645374461335212
Angry_Direct_FinalMax,pctFirstFixa_dMO,0.7218602519260624
Angry_Direct_FinalMax,pctFirstFixa_dBG,0.7978679403206119
Angry_Direct_FinalMax,pctFirstFixc_dEY,0.9412838609757611
Angry_Direct_FinalMax,pctFirstFixc_dMO,0.4473078203409071
Angry_Direct_FinalMax,pctFirstFixc_dBG,0.4151174207819009
Angry_Direct_FinalMax,meanRT-a_a,0.36412401666454236
Angry_Direct_FinalMax,meanRT-c_a,0.35297541428839185
Angry_Direct_FinalMax,meanRT-a_d,0.42071336128216946
Angry_Direct_FinalMax,meanRT-c_d,0.4151174207819009
Angry_Direct_FinalMax,msTotal.a_a,0.2779640832899135
Angry_Direct_FinalMax,msTotal.a_c,0.7457936453950429
Angry_Direct_FinalMax,msTotal.d_a,0.8164641011431211
Angry_Direct_FinalMax,msTotal.d_c,0.8839248932423325
Angry_Direct_FinalMax,pctOffscreen.a_a,0.891930666768739
Angry_Direct_FinalMax,pctOffscreen.a_c,0.3945499883656644
Angry_Direct_FinalMax,pctOffscreen.d_a,0.36412401666454236
Angry_Direct_FinalMax,pctOffscreen.d_c,0.926686979366851
Angry_Direct_FinalMax,pctOnBackground.a_a,0.4105988379505584
Angry_Direct_FinalMax,pctOnBackground.a_c,0.20610863195290996
Angry_Direct_FinalMax,pctOnBackground.d_a,0.22315658261750476
Angry_Direct_FinalMax,pctOnBackground.d_c,0.3660318052637816
Angry_Direct_FinalMax,pctSamplesOffscreenL,0.8424038085683792
Angry_Direct_FinalMax,pctSamplesOffscreenR,0.8468611880726342
Angry_Direct_FinalMax,ARI_6_P,0.768068176430334
Angry_Direct_FinalMax,SCARED_P,0.7568034036102472
Angry_Avert_FinalMax,Fix_a_d_BG,0.7211242353652446
Angry_Avert_FinalMax,Fix_a_d_EY,0.4217182913758211
Angry_Avert_FinalMax,Fix_a_d_MO,0.28499320608503187
Angry_Avert_FinalMax,Fix_a_a_BG,0.7632586055128228
Angry_Avert_FinalMax,Fix_a_a_EY,0.6512786596223041
Angry_Avert_FinalMax,Fix_a_a_MO,0.2766882831380367
Angry_Avert_FinalMax,Fix_c_d_BG,0.6183821268076514
Angry_Avert_FinalMax,Fix_c_d_EY,0.4989486048312193
Angry_Avert_FinalMax,Fix_c_d_MO,0.37398219218875467
Angry_Avert_FinalMax,Fix_c_a_BG,0.7568034036102472
Angry_Avert_FinalMax,Fix_c_a_EY,0.5153722041891288
Angry_Avert_FinalMax,Fix_c_a_MO,0.40531152361547496
Angry_Avert_FinalMax,Dwell_a_d_BG,0.8316206975708251
Angry_Avert_FinalMax,Dwell_a_d_EY,0.583050988486516
Angry_Avert_FinalMax,Dwell_a_d_MO,0.2648161006922532
Angry_Avert_FinalMax,Dwell_a_a_BG,0.807020784305281
Angry_Avert_FinalMax,Dwell_a_a_EY,0.8387835641330667
Angry_Avert_FinalMax,Dwell_a_a_MO,0.3128556476634952
Angry_Avert_FinalMax,Dwell_c_d_BG,0.7568034036102472
Angry_Avert_FinalMax,Dwell_c_d_EY,0.5836832397499151
Angry_Avert_FinalMax,Dwell_c_d_MO,0.2766882831380367
Angry_Avert_FinalMax,Dwell_c_a_BG,0.7943805816556873
Angry_Avert_FinalMax,Dwell_c_a_EY,0.5573408071515339
Angry_Avert_FinalMax,Dwell_c_a_MO,0.7761704199818408
Angry_Avert_FinalMax,pctFirstFixa_aEY,0.9023331840870873
Angry_Avert_FinalMax,pctFirstFixa_aMO,0.3945259086417992
Angry_Avert_FinalMax,pctFirstFixa_aBG,0.48040803102936724
Angry_Avert_FinalMax,pctFirstFixc_aEY,0.928235570194358
Angry_Avert_FinalMax,pctFirstFixc_aMO,0.4251640202250679
Angry_Avert_FinalMax,pctFirstFixc_aBG,0.67820279579055
Angry_Avert_FinalMax,pctFirstFixa_dEY,0.7632318846608231
Angry_Avert_FinalMax,pctFirstFixa_dMO,0.7012322880539191
Angry_Avert_FinalMax,pctFirstFixa_dBG,0.681773969555216
Angry_Avert_FinalMax,pctFirstFixc_dEY,0.9273734586132275
Angry_Avert_FinalMax,pctFirstFixc_dMO,0.45535230309662367
Angry_Avert_FinalMax,pctFirstFixc_dBG,0.3140692797072784
Angry_Avert_FinalMax,meanRT-a_a,0.3179020346294352
Angry_Avert_FinalMax,meanRT-c_a,0.30348459593624705
Angry_Avert_FinalMax,meanRT-a_d,0.3689364394636638
Angry_Avert_FinalMax,meanRT-c_d,0.39208130999903484
Angry_Avert_FinalMax,msTotal.a_a,0.34808073214934904
Angry_Avert_FinalMax,msTotal.a_c,0.7774747076661752
Angry_Avert_FinalMax,msTotal.d_a,0.8726333476034138
Angry_Avert_FinalMax,msTotal.d_c,0.9004702990529394
Angry_Avert_FinalMax,pctOffscreen.a_a,0.7525471160664263
Angry_Avert_FinalMax,pctOffscreen.a_c,0.22904888313935684
Angry_Avert_FinalMax,pctOffscreen.d_a,0.20610863195290996
Angry_Avert_FinalMax,pctOffscreen.d_c,0.80666663176133
Angry_Avert_FinalMax,pctOnBackground.a_a,0.35150733322081035
Angry_Avert_FinalMax,pctOnBackground.a_c,0.1567330989895827
Angry_Avert_FinalMax,pctOnBackground.d_a,0.15815741917587858
Angry_Avert_FinalMax,pctOnBackground.d_c,0.32567364634896284
Angry_Avert_FinalMax,pctSamplesOffscreenL,0.9467899467005466
Angry_Avert_FinalMax,pctSamplesOffscreenR,0.9630826602971929
Angry_Avert_FinalMax,ARI_6_P,0.7260398113945874
Angry_Avert_FinalMax,SCARED_P,0.8495626889824766
Fix_a_d_BG,Fix_a_d_EY,0.0022171646011969258
Fix_a_d_BG,Fix_a_d_MO,0.42352699500229746
Fix_a_d_BG,Fix_a_a_BG,5.356058426066643e-19
Fix_a_d_BG,Fix_a_a_EY,0.0015362379870738278
Fix_a_d_BG,Fix_a_a_MO,0.3974233361901298
Fix_a_d_BG,Fix_c_d_BG,6.638326868174325e-24
Fix_a_d_BG,Fix_c_d_EY,0.0125945324831522
Fix_a_d_BG,Fix_c_d_MO,0.6792743782590297
Fix_a_d_BG,Fix_c_a_BG,5.920864751804201e-22
Fix_a_d_BG,Fix_c_a_EY,0.004950267326892162
Fix_a_d_BG,Fix_c_a_MO,0.34417834341212117
Fix_a_d_BG,Dwell_a_d_BG,6.638326868174325e-24
Fix_a_d_BG,Dwell_a_d_EY,9.050602107946836e-05
Fix_a_d_BG,Dwell_a_d_MO,0.4989486048312193
Fix_a_d_BG,Dwell_a_a_BG,4.924737607842863e-14
Fix_a_d_BG,Dwell_a_a_EY,6.942657785422864e-05
Fix_a_d_BG,Dwell_a_a_MO,0.38019420456583575
Fix_a_d_BG,Dwell_c_d_BG,3.246782133019905e-19
Fix_a_d_BG,Dwell_c_d_EY,0.0008885012221071147
Fix_a_d_BG,Dwell_c_d_MO,0.6802006841047408
Fix_a_d_BG,Dwell_c_a_BG,1.233311160132525e-21
Fix_a_d_BG,Dwell_c_a_EY,0.0005036358539490937
Fix_a_d_BG,Dwell_c_a_MO,0.4691784128187101
Fix_a_d_BG,pctFirstFixa_aEY,0.0018062447124053253
Fix_a_d_BG,pctFirstFixa_aMO,0.5489763239114973
Fix_a_d_BG,pctFirstFixa_aBG,2.953903133348376e-08
Fix_a_d_BG,pctFirstFixc_aEY,0.008504583023842915
Fix_a_d_BG,pctFirstFixc_aMO,0.32523181357622455
Fix_a_d_BG,pctFirstFixc_aBG,5.961446198817609e-11
Fix_a_d_BG,pctFirstFixa_dEY,0.0017670789599147476
Fix_a_d_BG,pctFirstFixa_dMO,0.4151174207819009
Fix_a_d_BG,pctFirstFixa_dBG,4.337525188014377e-18
Fix_a_d_BG,pctFirstFixc_dEY,0.014195397130963846
Fix_a_d_BG,pctFirstFixc_dMO,0.7104007965841602
Fix_a_d_BG,pctFirstFixc_dBG,2.0033276617313347e-17
Fix_a_d_BG,meanRT-a_a,0.9394680239716562
Fix_a_d_BG,meanRT-c_a,0.9836001042804521
Fix_a_d_BG,meanRT-a_d,0.8316206975708251
Fix_a_d_BG,meanRT-c_d,0.8427211877643864
Fix_a_d_BG,msTotal.a_a,0.029242784650100783
Fix_a_d_BG,msTotal.a_c,0.24781801719109056
Fix_a_d_BG,msTotal.d_a,0.8710153692064719
Fix_a_d_BG,msTotal.d_c,0.5077847114828169
Fix_a_d_BG,pctOffscreen.a_a,0.4907854403150231
Fix_a_d_BG,pctOffscreen.a_c,0.8164641011431211
Fix_a_d_BG,pctOffscreen.d_a,0.956194586246404
Fix_a_d_BG,pctOffscreen.d_c,0.7673814672539668
Fix_a_d_BG,pctOnBackground.a_a,1.3853321077972433e-05
Fix_a_d_BG,pctOnBackground.a_c,1.671344974321772e-05
Fix_a_d_BG,pctOnBackground.d_a,6.344279899922429e-05
Fix_a_d_BG,pctOnBackground.d_c,0.0002685725342980803
Fix_a_d_BG,pctSamplesOffscreenL,0.5079947491022716
Fix_a_d_BG,pctSamplesOffscreenR,0.45517658060166033
Fix_a_d_BG,ARI_6_P,0.07244806626969282
Fix_a_d_BG,SCARED_P,0.08621156098691775
Fix_a_d_EY,Fix_a_d_MO,0.711263196938378
Fix_a_d_EY,Fix_a_a_BG,0.0020592436542252626
Fix_a_d_EY,Fix_a_a_EY,1.5012085310944413e-27
Fix_a_d_EY,Fix_a_a_MO,0.5763728163406433
Fix_a_d_EY,Fix_c_d_BG,0.0020610789081710293
Fix_a_d_EY,Fix_c_d_EY,1.6940118568968247e-20
Fix_a_d_EY,Fix_c_d_MO,0.9057561787383331
Fix_a_d_EY,Fix_c_a_BG,0.007566175598046529
Fix_a_d_EY,Fix_c_a_EY,3.4018300146190866e-19
Fix_a_d_EY,Fix_c_a_MO,0.8643146069887673
Fix_a_d_EY,Dwell_a_d_BG,0.00017949176234205113
Fix_a_d_EY,Dwell_a_d_EY,2.2165525755595298e-19
Fix_a_d_EY,Dwell_a_d_MO,0.7898386202667611
Fix_a_d_EY,Dwell_a_a_BG,0.0003529381138230217
Fix_a_d_EY,Dwell_a_a_EY,3.0160945749636584e-15
Fix_a_d_EY,Dwell_a_a_MO,0.983478955082086
Fix_a_d_EY,Dwell_c_d_BG,0.00031770918429920876
Fix_a_d_EY,Dwell_c_d_EY,9.526285350664386e-13
Fix_a_d_EY,Dwell_c_d_MO,0.7421717488183306
Fix_a_d_EY,Dwell_c_a_BG,0.0008419422364005109
Fix_a_d_EY,Dwell_c_a_EY,1.984695412021896e-14
Fix_a_d_EY,Dwell_c_a_MO,0.40911099063854595
Fix_a_d_EY,pctFirstFixa_aEY,2.7092684040451365e-09
Fix_a_d_EY,pctFirstFixa_aMO,0.46592935505814403
Fix_a_d_EY,pctFirstFixa_aBG,0.0017250480000764225
Fix_a_d_EY,pctFirstFixc_aEY,3.180500722816696e-08
Fix_a_d_EY,pctFirstFixc_aMO,0.985318291119518
Fix_a_d_EY,pctFirstFixc_aBG,8.151170968125026e-05
Fix_a_d_EY,pctFirstFixa_dEY,1.5975215437873203e-17
Fix_a_d_EY,pctFirstFixa_dMO,0.5763179938192429
Fix_a_d_EY,pctFirstFixa_dBG,0.0011435955139985467
Fix_a_d_EY,pctFirstFixc_dEY,1.0146028951323997e-07
Fix_a_d_EY,pctFirstFixc_dMO,0.3179020346294352
Fix_a_d_EY,pctFirstFixc_dBG,0.0005275799037085011
Fix_a_d_EY,meanRT-a_a,0.0006325089270203928
Fix_a_d_EY,meanRT-c_a,0.0008420380744010404
Fix_a_d_EY,meanRT-a_d,0.0006557750840357534
Fix_a_d_EY,meanRT-c_d,0.0006083995135636571
Fix_a_d_EY,msTotal.a_a,0.0017680381368844506
Fix_a_d_EY,msTotal.a_c,0.041372771897909846
Fix_a_d_EY,msTotal.d_a,0.3179020346294352
Fix_a_d_EY,msTotal.d_c,0.990209643497743
Fix_a_d_EY,pctOffscreen.a_a,0.7591834147353922
Fix_a_d_EY,pctOffscreen.a_c,0.7851392455101257
Fix_a_d_EY,pctOffscreen.d_a,0.6959794031918758
Fix_a_d_EY,pctOffscreen.d_c,0.5891693418367182
Fix_a_d_EY,pctOnBackground.a_a,0.009194412537140673
Fix_a_d_EY,pctOnBackground.a_c,0.010222839135474613
Fix_a_d_EY,pctOnBackground.d_a,0.010730483663446741
Fix_a_d_EY,pctOnBackground.d_c,0.002893859101844767
Fix_a_d_EY,pctSamplesOffscreenL,0.8508193501215714
Fix_a_d_EY,pctSamplesOffscreenR,0.8710153692064719
Fix_a_d_EY,ARI_6_P,0.09076087949710705
Fix_a_d_EY,SCARED_P,0.025151522372475588
Fix_a_d_MO,Fix_a_a_BG,0.4971205088284626
Fix_a_d_MO,Fix_a_a_EY,0.7124743617909792
Fix_a_d_MO,Fix_a_a_MO,5.2312480114968766e-18
Fix_a_d_MO,Fix_c_d_BG,0.29432131354297336
Fix_a_d_MO,Fix_c_d_EY,0.7218602519260624
Fix_a_d_MO,Fix_c_d_MO,9.342109066503836e-19
Fix_a_d_MO,Fix_c_a_BG,0.26405926945295005
Fix_a_d_MO,Fix_c_a_EY,0.8429704816307083
Fix_a_d_MO,Fix_c_a_MO,7.432362353469811e-16
Fix_a_d_MO,Dwell_a_d_BG,0.36045318945846266
Fix_a_d_MO,Dwell_a_d_EY,0.8038114418355693
Fix_a_d_MO,Dwell_a_d_MO,3.813027804891095e-26
Fix_a_d_MO,Dwell_a_a_BG,0.2939016717607265
Fix_a_d_MO,Dwell_a_a_EY,0.8087066753116503
Fix_a_d_MO,Dwell_a_a_MO,8.679488801089628e-14
Fix_a_d_MO,Dwell_c_d_BG,0.2160712804489574
Fix_a_d_MO,Dwell_c_d_EY,0.1901295904928589
Fix_a_d_MO,Dwell_c_d_MO,1.7705833905042847e-16
Fix_a_d_MO,Dwell_c_a_BG,0.18300946048025607
Fix_a_d_MO,Dwell_c_a_EY,0.41370855926735295
Fix_a_d_MO,Dwell_c_a_MO,3.2347666319862333e-10
Fix_a_d_MO,pctFirstFixa_aEY,0.6150989957710473
Fix_a_d_MO,pctFirstFixa_aMO,2.449888906016548e-07
Fix_a_d_MO,pctFirstFixa_aBG,0.49349403908178924
Fix_a_d_MO,pctFirstFixc_aEY,0.7012322880539191
Fix_a_d_MO,pctFirstFixc_aMO,1.965010794001272e-09
Fix_a_d_MO,pctFirstFixc_aBG,0.18589601545717566
Fix_a_d_MO,pctFirstFixa_dEY,0.7565001374339084
Fix_a_d_MO,pctFirstFixa_dMO,9.996074778401052e-14
Fix_a_d_MO,pctFirstFixa_dBG,0.6902709389691392
Fix_a_d_MO,pctFirstFixc_dEY,0.13761564030576995
Fix_a_d_MO,pctFirstFixc_dMO,1.8648090922195474e-07
Fix_a_d_MO,pctFirstFixc_dBG,0.3228738528246621
Fix_a_d_MO,meanRT-a_a,0.04526507288367134
Fix_a_d_MO,meanRT-c_a,0.16328067893796072
Fix_a_d_MO,meanRT-a_d,0.04598163401439282
Fix_a_d_MO,meanRT-c_d,0.10977366726400078
Fix_a_d_MO,msTotal.a_a,0.05265301941747006
Fix_a_d_MO,msTotal.a_c,0.8495626889824766
Fix_a_d_MO,msTotal.d_a,0.8508193501215714
Fix_a_d_MO,msTotal.d_c,0.37642941286194603
Fix_a_d_MO,pctOffscreen.a_a,0.45517658060166033
Fix_a_d_MO,pctOffscreen.a_c,0.4568220545107212
Fix_a_d_MO,pctOffscreen.d_a,0.6122453805707481
Fix_a_d_MO,pctOffscreen.d_c,0.21726644228049038
Fix_a_d_MO,pctOnBackground.a_a,0.8878309809622983
Fix_a_d_MO,pctOnBackground.a_c,0.808401787839162
Fix_a_d_MO,pctOnBackground.d_a,0.7761704199818408
Fix_a_d_MO,pctOnBackground.d_c,0.9057561787383331
Fix_a_d_MO,pctSamplesOffscreenL,0.34307372560799343
Fix_a_d_MO,pctSamplesOffscreenR,0.30754614457180546
Fix_a_d_MO,ARI_6_P,0.768068176430334
Fix_a_d_MO,SCARED_P,0.6318594865311803
Fix_a_a_BG,Fix_a_a_EY,0.0009551423449212223
Fix_a_a_BG,Fix_a_a_MO,0.3443607726228431
Fix_a_a_BG,Fix_c_d_BG,3.0246301494260887e-17
Fix_a_a_BG,Fix_c_d_EY,0.012626178393467517
Fix_a_a_BG,Fix_c_d_MO,0.597696780768719
Fix_a_a_BG,Fix_c_a_BG,8.194346903533027e-14
Fix_a_a_BG,Fix_c_a_EY,0.0029962408857818206
Fix_a_a_BG,Fix_c_a_MO,0.4151174207819009
Fix_a_a_BG,Dwell_a_d_BG,1.5430684504001092e-21
Fix_a_a_BG,Dwell_a_d_EY,2.033917888234368e-05
Fix_a_a_BG,Dwell_a_d_MO,0.5652965312532139
Fix_a_a_BG,Dwell_a_a_BG,9.255400385992553e-24
Fix_a_a_BG,Dwell_a_a_EY,7.347120916079939e-06
Fix_a_a_BG,Dwell_a_a_MO,0.35150733322081035
Fix_a_a_BG,Dwell_c_d_BG,2.1480317359723009e-19
Fix_a_a_BG,Dwell_c_d_EY,0.00031263096781635846
Fix_a_a_BG,Dwell_c_d_MO,0.580573547073304
Fix_a_a_BG,Dwell_c_a_BG,2.461849186908396e-19
Fix_a_a_BG,Dwell_c_a_EY,0.0002048731229392517
Fix_a_a_BG,Dwell_c_a_MO,0.5751145041923207
Fix_a_a_BG,pctFirstFixa_aEY,0.0008504671398622711
Fix_a_a_BG,pctFirstFixa_aMO,0.3584100503330972
Fix_a_a_BG,pctFirstFixa_aBG,4.5413276980916427e-13
Fix_a_a_BG,pctFirstFixc_aEY,0.013557959392391827
Fix_a_a_BG,pctFirstFixc_aMO,0.4874240584217745
Fix_a_a_BG,pctFirstFixc_aBG,1.3776289763357926e-10
Fix_a_a_BG,pctFirstFixa_dEY,0.0009096247712202139
Fix_a_a_BG,pctFirstFixa_dMO,0.4486801805453868
Fix_a_a_BG,pctFirstFixa_dBG,2.2416954120462812e-14
Fix_a_a_BG,pctFirstFixc_dEY,0.009980136408320593
Fix_a_a_BG,pctFirstFixc_dMO,0.5454366616591911
Fix_a_a_BG,pctFirstFixc_dBG,1.867901390894111e-15
Fix_a_a_BG,meanRT-a_a,0.8946531030913836
Fix_a_a_BG,meanRT-c_a,0.8491876005941895
Fix_a_a_BG,meanRT-a_d,0.6780018635881918
Fix_a_a_BG,meanRT-c_d,0.6598411441404376
Fix_a_a_BG,msTotal.a_a,0.05272288024753861
Fix_a_a_BG,msTotal.a_c,0.3179020346294352
Fix_a_a_BG,msTotal.d_a,0.9609793686010674
Fix_a_a_BG,msTotal.d_c,0.5863481784789556
Fix_a_a_BG,pctOffscreen.a_a,0.8164641011431211
Fix_a_a_BG,pctOffscreen.a_c,0.9352977032539065
Fix_a_a_BG,pctOffscreen.d_a,0.9352977032539065
Fix_a_a_BG,pctOffscreen.d_c,0.9219835765774552
Fix_a_a_BG,pctOnBackground.a_a,1.5919281245877387e-07
Fix_a_a_BG,pctOnBackground.a_c,2.0464405327233213e-06
Fix_a_a_BG,pctOnBackground.d_a,6.223776161802743e-06
Fix_a_a_BG,pctOnBackground.d_c,2.964041999101775e-05
Fix_a_a_BG,pctSamplesOffscreenL,0.8677866908465965
Fix_a_a_BG,pctSamplesOffscreenR,0.8042011554888201
Fix_a_a_BG,ARI_6_P,0.041210153192749024
Fix_a_a_BG,SCARED_P,0.0799910081034941
Fix_a_a_EY,Fix_a_a_MO,0.4999656402966589
Fix_a_a_EY,Fix_c_d_BG,0.0014601412601338121
Fix_a_a_EY,Fix_c_d_EY,1.3371518023208682e-18
Fix_a_a_EY,Fix_c_d_MO,0.8599582666115368
Fix_a_a_EY,Fix_c_a_BG,0.004484029389648167
Fix_a_a_EY,Fix_c_a_EY,5.353258120131297e-19
Fix_a_a_EY,Fix_c_a_MO,0.8508193501215714
Fix_a_a_EY,Dwell_a_d_BG,9.118273670375439e-05
Fix_a_a_EY,Dwell_a_d_EY,4.493817381366744e-15
Fix_a_a_EY,Dwell_a_d_MO,0.7568034036102472
Fix_a_a_EY,Dwell_a_a_BG,0.0002434888514034886
Fix_a_a_EY,Dwell_a_a_EY,1.6845081359040262e-17
Fix_a_a_EY,Dwell_a_a_MO,0.9836001042804521
Fix_a_a_EY,Dwell_c_d_BG,0.00014958205180421263
Fix_a_a_EY,Dwell_c_d_EY,1.5547491729557296e-11
Fix_a_a_EY,Dwell_c_d_MO,0.7396425899003947
Fix_a_a_EY,Dwell_c_a_BG,0.0005644524016770681
Fix_a_a_EY,Dwell_c_a_EY,2.2914679094265543e-13
Fix_a_a_EY,Dwell_c_a_MO,0.35893435694334763
Fix_a_a_EY,pctFirstFixa_aEY,1.9490823784958525e-10
Fix_a_a_EY,pctFirstFixa_aMO,0.40521502396275266
Fix_a_a_EY,pctFirstFixa_aBG,0.0004947442938741588
Fix_a_a_EY,pctFirstFixc_aEY,1.9100288414723e-07
Fix_a_a_EY,pctFirstFixc_aMO,0.9659060921733926
Fix_a_a_EY,pctFirstFixc_aBG,4.944867271630579e-05
Fix_a_a_EY,pctFirstFixa_dEY,2.170804101062055e-12
Fix_a_a_EY,pctFirstFixa_dMO,0.4341425247960081
Fix_a_a_EY,pctFirstFixa_dBG,0.0009551423449212223
Fix_a_a_EY,pctFirstFixc_dEY,8.681607053620854e-07
Fix_a_a_EY,pctFirstFixc_dMO,0.31015939301889006
Fix_a_a_EY,pctFirstFixc_dBG,0.000968960271954259
Fix_a_a_EY,meanRT-a_a,0.0008765869066860079
Fix_a_a_EY,meanRT-c_a,0.0031258870273770667
Fix_a_a_EY,meanRT-a_d,0.0014621593289911809
Fix_a_a_EY,meanRT-c_d,0.001429058405509001
Fix_a_a_EY,msTotal.a_a,0.0012753885603343916
Fix_a_a_EY,msTotal.a_c,0.05307788023960481
Fix_a_a_EY,msTotal.d_a,0.5683036576261028
Fix_a_a_EY,msTotal.d_c,0.8364156600787434
Fix_a_a_EY,pctOffscreen.a_a,0.7270397450393417
Fix_a_a_EY,pctOffscreen.a_c,0.9598443848842062
Fix_a_a_EY,pctOffscreen.d_a,0.8993493496111417
Fix_a_a_EY,pctOffscreen.d_c,0.8278972403153837
Fix_a_a_EY,pctOnBackground.a_a,0.007776670696501735
Fix_a_a_EY,pctOnBackground.a_c,0.021759112683993883
Fix_a_a_EY,pctOnBackground.d_a,0.026235008597152245
Fix_a_a_EY,pctOnBackground.d_c,0.00808754623244566
Fix_a_a_EY,pctSamplesOffscreenL,0.9873108878039567
Fix_a_a_EY,pctSamplesOffscreenR,0.9570631791550847
Fix_a_a_EY,ARI_6_P,0.11299106139252069
Fix_a_a_EY,SCARED_P,0.008328499332888996
Fix_a_a_MO,Fix_c_d_BG,0.2996326886366012
Fix_a_a_MO,Fix_c_d_EY,0.9836001042804521
Fix_a_a_MO,Fix_c_d_MO,1.9258771357106043e-17
Fix_a_a_MO,Fix_c_a_BG,0.28525637440536394
Fix_a_a_MO,Fix_c_a_EY,0.9034032755490659
Fix_a_a_MO,Fix_c_a_MO,6.723518679897814e-14
Fix_a_a_MO,Dwell_a_d_BG,0.3064019717170016
Fix_a_a_MO,Dwell_a_d_EY,0.8675583744606353
Fix_a_a_MO,Dwell_a_d_MO,2.930850151068099e-12
Fix_a_a_MO,Dwell_a_a_BG,0.19984074910238647
Fix_a_a_MO,Dwell_a_a_EY,0.8924462345430042
Fix_a_a_MO,Dwell_a_a_MO,5.661908655594003e-19
Fix_a_a_MO,Dwell_c_d_BG,0.2266839729756712
Fix_a_a_MO,Dwell_c_d_EY,0.3346775016247173
Fix_a_a_MO,Dwell_c_d_MO,5.291546282056604e-13
Fix_a_a_MO,Dwell_c_a_BG,0.17921069389466773
Fix_a_a_MO,Dwell_c_a_EY,0.6544492396064793
Fix_a_a_MO,Dwell_c_a_MO,5.910383982110856e-08
Fix_a_a_MO,pctFirstFixa_aEY,0.8645374461335212
Fix_a_a_MO,pctFirstFixa_aMO,4.4459416214735744e-11
Fix_a_a_MO,pctFirstFixa_aBG,0.2865459946526154
Fix_a_a_MO,pctFirstFixc_aEY,0.6882150530047456
Fix_a_a_MO,pctFirstFixc_aMO,2.480357097491633e-09
Fix_a_a_MO,pctFirstFixc_aBG,0.2837669598981363
Fix_a_a_MO,pctFirstFixa_dEY,0.8349639906855156
Fix_a_a_MO,pctFirstFixa_dMO,1.518293698313354e-08
Fix_a_a_MO,pctFirstFixa_dBG,0.583050988486516
Fix_a_a_MO,pctFirstFixc_dEY,0.3253233267110116
Fix_a_a_MO,pctFirstFixc_dMO,2.9442122740544388e-06
Fix_a_a_MO,pctFirstFixc_dBG,0.3542194141245791
Fix_a_a_MO,meanRT-a_a,0.13017919452565546
Fix_a_a_MO,meanRT-c_a,0.35297541428839185
Fix_a_a_MO,meanRT-a_d,0.17416951627190974
Fix_a_a_MO,meanRT-c_d,0.2396123043632212
Fix_a_a_MO,msTotal.a_a,0.028515642893854908
Fix_a_a_MO,msTotal.a_c,0.7175964372609018
Fix_a_a_MO,msTotal.d_a,0.6661843421008969
Fix_a_a_MO,msTotal.d_c,0.7887156556395778
Fix_a_a_MO,pctOffscreen.a_a,0.8021753365670733
Fix_a_a_MO,pctOffscreen.a_c,0.8495626889824766
Fix_a_a_MO,pctOffscreen.d_a,0.6494715591911324
Fix_a_a_MO,pctOffscreen.d_c,0.5967010459784536
Fix_a_a_MO,pctOnBackground.a_a,0.522494473402897
Fix_a_a_MO,pctOnBackground.a_c,0.5150483265753028
Fix_a_a_MO,pctOnBackground.d_a,0.6327200963907752
Fix_a_a_MO,pctOnBackground.d_c,0.8156964540069226
Fix_a_a_MO,pctSamplesOffscreenL,0.6255177757313415
Fix_a_a_MO,pctSamplesOffscreenR,0.5683892536705792
Fix_a_a_MO,ARI_6_P,0.8691156076720106
Fix_a_a_MO,SCARED_P,0.9023331840870873
Fix_c_d_BG,Fix_c_d_EY,0.01061275456832889
Fix_c_d_BG,Fix_c_d_MO,0.3643793782198354
Fix_c_d_BG,Fix_c_a_BG,1.0353540567790768e-26
Fix_c_d_BG,Fix_c_a_EY,0.005274067819357451
Fix_c_d_BG,Fix_c_a_MO,0.2042526209176385
Fix_c_d_BG,Dwell_a_d_BG,1.1877319551262265e-15
Fix_c_d_BG,Dwell_a_d_EY,5.45462519266556e-05
Fix_c_d_BG,Dwell_a_d_MO,0.3152935165817671
Fix_c_d_BG,Dwell_a_a_BG,4.374517197838313e-12
Fix_c_d_BG,Dwell_a_a_EY,2.2040522194909224e-05
Fix_c_d_BG,Dwell_a_a_MO,0.3675672455101628
Fix_c_d_BG,Dwell_c_d_BG,4.594052642851849e-22
Fix_c_d_BG,Dwell_c_d_EY,0.00027840657812008043
Fix_c_d_BG,Dwell_c_d_MO,0.36412401666454236
Fix_c_d_BG,Dwell_c_a_BG,6.152037311337921e-21
Fix_c_d_BG,Dwell_c_a_EY,0.0002941975898335069
Fix_c_d_BG,Dwell_c_a_MO,0.2748578377542237
Fix_c_d_BG,pctFirstFixa_aEY,0.007130040259805943
Fix_c_d_BG,pctFirstFixa_aMO,0.38185634204927743
Fix_c_d_BG,pctFirstFixa_aBG,1.7024305083610843e-06
Fix_c_d_BG,pctFirstFixc_aEY,0.026206297502367835
Fix_c_d_BG,pctFirstFixc_aMO,0.1678339827741056
Fix_c_d_BG,pctFirstFixc_aBG,8.859019324760608e-11
Fix_c_d_BG,pctFirstFixa_dEY,0.0029156862041498748
Fix_c_d_BG,pctFirstFixa_dMO,0.20245556883091395
Fix_c_d_BG,pctFirstFixa_dBG,1.4064510742378013e-11
Fix_c_d_BG,pctFirstFixc_dEY,0.009532576682022877
Fix_c_d_BG,pctFirstFixc_dMO,0.41956770588900144
Fix_c_d_BG,pctFirstFixc_dBG,6.4889223986198604e-21
Fix_c_d_BG,meanRT-a_a,0.8491499637823751
Fix_c_d_BG,meanRT-c_a,0.9394680239716562
Fix_c_d_BG,meanRT-a_d,0.7461540707221698
Fix_c_d_BG,meanRT-c_d,0.7251330210222614
Fix_c_d_BG,msTotal.a_a,0.024549007425468738
Fix_c_d_BG,msTotal.a_c,0.40855175942322475
Fix_c_d_BG,msTotal.d_a,0.9916356924576114
Fix_c_d_BG,msTotal.d_c,0.38627328262376
Fix_c_d_BG,pctOffscreen.a_a,0.20351180187370801
Fix_c_d_BG,pctOffscreen.a_c,0.6882150530047456
Fix_c_d_BG,pctOffscreen.d_a,0.7568034036102472
Fix_c_d_BG,pctOffscreen.d_c,0.6623641848464593
Fix_c_d_BG,pctOnBackground.a_a,1.8653052664931226e-05
Fix_c_d_BG,pctOnBackground.a_c,4.633506753660195e-05
Fix_c_d_BG,pctOnBackground.d_a,0.00016599169244404873
Fix_c_d_BG,pctOnBackground.d_c,0.00020752482691837603
Fix_c_d_BG,pctSamplesOffscreenL,0.24062663141303095
Fix_c_d_BG,pctSamplesOffscreenR,0.2959003696193613
Fix_c_d_BG,ARI_6_P,0.0993297288546231
Fix_c_d_BG,SCARED_P,0.2113082507549062
Fix_c_d_EY,Fix_c_d_MO,0.7660184852367229
Fix_c_d_EY,Fix_c_a_BG,0.049624495367218496
Fix_c_d_EY,Fix_c_a_EY,1.0133557985715971e-22
Fix_c_d_EY,Fix_c_a_MO,0.4083607172651933
Fix_c_d_EY,Dwell_a_d_BG,0.0016635887756038836
Fix_c_d_EY,Dwell_a_d_EY,1.5168425268721037e-11
Fix_c_d_EY,Dwell_a_d_MO,0.26756864805934916
Fix_c_d_EY,Dwell_a_a_BG,0.004649276422750768
Fix_c_d_EY,Dwell_a_a_EY,2.8477781045347053e-10
Fix_c_d_EY,Dwell_a_a_MO,0.5634705687934896
Fix_c_d_EY,Dwell_c_d_BG,0.001888687545551528
Fix_c_d_EY,Dwell_c_d_EY,7.682663434322059e-15
Fix_c_d_EY,Dwell_c_d_MO,0.34780429218620323
Fix_c_d_EY,Dwell_c_a_BG,0.006526659512129354
Fix_c_d_EY,Dwell_c_a_EY,3.1107417248808738e-12
Fix_c_d_EY,Dwell_c_a_MO,0.13656445432944825
Fix_c_d_EY,pctFirstFixa_aEY,4.682628313318938e-10
Fix_c_d_EY,pctFirstFixa_aMO,0.341483344903746
Fix_c_d_EY,pctFirstFixa_aBG,0.00549395414484624
Fix_c_d_EY,pctFirstFixc_aEY,3.5290721335171786e-10
Fix_c_d_EY,pctFirstFixc_aMO,0.6702885142724895
Fix_c_d_EY,pctFirstFixc_aBG,0.0013906997512682668
Fix_c_d_EY,pctFirstFixa_dEY,1.752352347354247e-16
Fix_c_d_EY,pctFirstFixa_dMO,0.17819180426251774
Fix_c_d_EY,pctFirstFixa_dBG,0.001634735087590134
Fix_c_d_EY,pctFirstFixc_dEY,4.5413276980916427e-13
Fix_c_d_EY,pctFirstFixc_dMO,0.16675120950512193
Fix_c_d_EY,pctFirstFixc_dBG,0.0026845693403942028
Fix_c_d_EY,meanRT-a_a,0.03437714009780745
Fix_c_d_EY,meanRT-c_a,0.028731216910292026
Fix_c_d_EY,meanRT-a_d,0.0401192733771554
Fix_c_d_EY,meanRT-c_d,0.009980136408320593
Fix_c_d_EY,msTotal.a_a,0.0012675412291322402
Fix_c_d_EY,msTotal.a_c,0.025190561910816294
Fix_c_d_EY,msTotal.d_a,0.7298557735261629
Fix_c_d_EY,msTotal.d_c,0.7251330210222614
Fix_c_d_EY,pctOffscreen.a_a,0.5708749981358283
Fix_c_d_EY,pctOffscreen.a_c,0.7251330210222614
Fix_c_d_EY,pctOffscreen.d_a,0.8491499637823751
Fix_c_d_EY,pctOffscreen.d_c,0.5573408071515339
Fix_c_d_EY,pctOnBackground.a_a,0.01291285544475442
Fix_c_d_EY,pctOnBackground.a_c,0.022947022222480674
Fix_c_d_EY,pctOnBackground.d_a,0.04100883855776875
Fix_c_d_EY,pctOnBackground.d_c,0.005521339774387485
Fix_c_d_EY,pctSamplesOffscreenL,0.8338953227516676
Fix_c_d_EY,pctSamplesOffscreenR,0.9352977032539065
Fix_c_d_EY,ARI_6_P,0.4568220545107212
Fix_c_d_EY,SCARED_P,0.10345725918035242
Fix_c_d_MO,Fix_c_a_BG,0.4151174207819009
Fix_c_d_MO,Fix_c_a_EY,0.8424038085683792
Fix_c_d_MO,Fix_c_a_MO,1.8469875277860474e-15
Fix_c_d_MO,Dwell_a_d_BG,0.5542801336105773
Fix_c_d_MO,Dwell_a_d_EY,0.6639427522934948
Fix_c_d_MO,Dwell_a_d_MO,4.155298450858479e-13
Fix_c_d_MO,Dwell_a_a_BG,0.4233125084616216
Fix_c_d_MO,Dwell_a_a_EY,0.7049955652887959
Fix_c_d_MO,Dwell_a_a_MO,2.259998107475641e-10
Fix_c_d_MO,Dwell_c_d_BG,0.3064019717170016
Fix_c_d_MO,Dwell_c_d_EY,0.2447062021547464
Fix_c_d_MO,Dwell_c_d_MO,7.225483738019398e-27
Fix_c_d_MO,Dwell_c_a_BG,0.3443607726228431
Fix_c_d_MO,Dwell_c_a_EY,0.4486801805453868
Fix_c_d_MO,Dwell_c_a_MO,1.274728033654533e-09
Fix_c_d_MO,pctFirstFixa_aEY,0.4151174207819009
Fix_c_d_MO,pctFirstFixa_aMO,2.2661684426599926e-10
Fix_c_d_MO,pctFirstFixa_aBG,0.711263196938378
Fix_c_d_MO,pctFirstFixc_aEY,0.5698043419204091
Fix_c_d_MO,pctFirstFixc_aMO,1.5767572253464086e-08
Fix_c_d_MO,pctFirstFixc_aBG,0.4568220545107212
Fix_c_d_MO,pctFirstFixa_dEY,0.6049020192723411
Fix_c_d_MO,pctFirstFixa_dMO,9.496092508612229e-12
Fix_c_d_MO,pctFirstFixa_dBG,0.9682481650475804
Fix_c_d_MO,pctFirstFixc_dEY,0.19157519644196913
Fix_c_d_MO,pctFirstFixc_dMO,7.041037709377494e-14
Fix_c_d_MO,pctFirstFixc_dBG,0.43555372567291223
Fix_c_d_MO,meanRT-a_a,0.3398716301601921
Fix_c_d_MO,meanRT-c_a,0.5523744534758392
Fix_c_d_MO,meanRT-a_d,0.38185634204927743
Fix_c_d_MO,meanRT-c_d,0.35297541428839185
Fix_c_d_MO,msTotal.a_a,0.08685138499057095
Fix_c_d_MO,msTotal.a_c,0.35150733322081035
Fix_c_d_MO,msTotal.d_a,0.8924462345430042
Fix_c_d_MO,msTotal.d_c,0.3987267174072316
Fix_c_d_MO,pctOffscreen.a_a,0.7632318846608231
Fix_c_d_MO,pctOffscreen.a_c,0.80666663176133
Fix_c_d_MO,pctOffscreen.d_a,0.6882150530047456
Fix_c_d_MO,pctOffscreen.d_c,0.4890256398739817
Fix_c_d_MO,pctOnBackground.a_a,0.8424038085683792
Fix_c_d_MO,pctOnBackground.a_c,0.7774747076661752
Fix_c_d_MO,pctOnBackground.d_a,0.8495626889824766
Fix_c_d_MO,pctOnBackground.d_c,0.9467899467005466
Fix_c_d_MO,pctSamplesOffscreenL,0.6902709389691392
Fix_c_d_MO,pctSamplesOffscreenR,0.5683036576261028
Fix_c_d_MO,ARI_6_P,0.8946531030913836
Fix_c_d_MO,SCARED_P,0.4458790453162919
Fix_c_a_BG,Fix_c_a_EY,0.01850480182777628
Fix_c_a_BG,Fix_c_a_MO,0.2511422920697505
Fix_c_a_BG,Dwell_a_d_BG,2.397428169489531e-13
Fix_c_a_BG,Dwell_a_d_EY,0.0003832616338874993
Fix_c_a_BG,Dwell_a_d_MO,0.28525637440536394
Fix_c_a_BG,Dwell_a_a_BG,1.9525678644871086e-09
Fix_c_a_BG,Dwell_a_a_EY,0.00016609040481659282
Fix_c_a_BG,Dwell_a_a_MO,0.2837669598981363
Fix_c_a_BG,Dwell_c_d_BG,2.0683050384406208e-15
Fix_c_a_BG,Dwell_c_d_EY,0.0029962408857818206
Fix_c_a_BG,Dwell_c_d_MO,0.4228736200085942
Fix_c_a_BG,Dwell_c_a_BG,3.83161013676003e-21
Fix_c_a_BG,Dwell_c_a_EY,0.001478207556817517
Fix_c_a_BG,Dwell_c_a_MO,0.3087543343401082
Fix_c_a_BG,pctFirstFixa_aEY,0.018000268981592026
Fix_c_a_BG,pctFirstFixa_aMO,0.3064019717170016
Fix_c_a_BG,pctFirstFixa_aBG,1.6760218579114493e-05
Fix_c_a_BG,pctFirstFixc_aEY,0.02909297557269704
Fix_c_a_BG,pctFirstFixc_aMO,0.24606608674497282
Fix_c_a_BG,pctFirstFixc_aBG,2.4092261865520527e-12
Fix_c_a_BG,pctFirstFixa_dEY,0.01714895503651189
Fix_c_a_BG,pctFirstFixa_dMO,0.2635330252747646
Fix_c_a_BG,pctFirstFixa_dBG,2.919398436971272e-10
Fix_c_a_BG,pctFirstFixc_dEY,0.04474965300544613
Fix_c_a_BG,pctFirstFixc_dMO,0.4562743073456543
Fix_c_a_BG,pctFirstFixc_dBG,2.7622971931852496e-15
Fix_c_a_BG,meanRT-a_a,0.6702885142724895
Fix_c_a_BG,meanRT-c_a,0.754943311612102
Fix_c_a_BG,meanRT-a_d,0.5683892536705792
Fix_c_a_BG,meanRT-c_d,0.5031940144923632
Fix_c_a_BG,msTotal.a_a,0.11844018259810743
Fix_c_a_BG,msTotal.a_c,0.38515576461377726
Fix_c_a_BG,msTotal.d_a,0.928235570194358
Fix_c_a_BG,msTotal.d_c,0.5549935384017676
Fix_c_a_BG,pctOffscreen.a_a,0.25217252832836196
Fix_c_a_BG,pctOffscreen.a_c,0.6838901000797619
Fix_c_a_BG,pctOffscreen.d_a,0.7864949990608012
Fix_c_a_BG,pctOffscreen.d_c,0.580573547073304
Fix_c_a_BG,pctOnBackground.a_a,0.00024443524687962556
Fix_c_a_BG,pctOnBackground.a_c,0.0001236816677221273
Fix_c_a_BG,pctOnBackground.d_a,0.0007102846133081017
Fix_c_a_BG,pctOnBackground.d_c,0.0012380553362024613
Fix_c_a_BG,pctSamplesOffscreenL,0.20050002306874637
Fix_c_a_BG,pctSamplesOffscreenR,0.22440978994730593
Fix_c_a_BG,ARI_6_P,0.04104410023475328
Fix_c_a_BG,SCARED_P,0.27866992860677575
Fix_c_a_EY,Fix_c_a_MO,0.47662321246219463
Fix_c_a_EY,Dwell_a_d_BG,0.0003969910769940464
Fix_c_a_EY,Dwell_a_d_EY,2.0081216940283807e-12
Fix_c_a_EY,Dwell_a_d_MO,0.31527474968533653
Fix_c_a_EY,Dwell_a_a_BG,0.001035426012550592
Fix_c_a_EY,Dwell_a_a_EY,5.961446198817609e-11
Fix_c_a_EY,Dwell_a_a_MO,0.6276157706715515
Fix_c_a_EY,Dwell_c_d_BG,0.0006358409045589701
Fix_c_a_EY,Dwell_c_d_EY,6.151350092561566e-14
Fix_c_a_EY,Dwell_c_d_MO,0.3728326204578324
Fix_c_a_EY,Dwell_c_a_BG,0.0020592436542252626
Fix_c_a_EY,Dwell_c_a_EY,3.030602284922623e-17
Fix_c_a_EY,Dwell_c_a_MO,0.12246385344670768
Fix_c_a_EY,pctFirstFixa_aEY,1.4618490549415379e-08
Fix_c_a_EY,pctFirstFixa_aMO,0.5364165755874786
Fix_c_a_EY,pctFirstFixa_aBG,0.0010013553751871817
Fix_c_a_EY,pctFirstFixc_aEY,1.559066179883389e-13
Fix_c_a_EY,pctFirstFixc_aMO,0.6161535553906812
Fix_c_a_EY,pctFirstFixc_aBG,0.0003109760935425223
Fix_c_a_EY,pctFirstFixa_dEY,1.0639121304053915e-15
Fix_c_a_EY,pctFirstFixa_dMO,0.2796096626333303
Fix_c_a_EY,pctFirstFixa_dBG,0.0008721996247307292
Fix_c_a_EY,pctFirstFixc_dEY,1.5444268391037467e-09
Fix_c_a_EY,pctFirstFixc_dMO,0.2295715290233677
Fix_c_a_EY,pctFirstFixc_dBG,0.0016033059949222062
Fix_c_a_EY,meanRT-a_a,0.08162384845384085
Fix_c_a_EY,meanRT-c_a,0.020480197165373863
Fix_c_a_EY,meanRT-a_d,0.10654275962707202
Fix_c_a_EY,meanRT-c_d,0.04543695005231998
Fix_c_a_EY,msTotal.a_a,0.0029642574376447153
Fix_c_a_EY,msTotal.a_c,0.10345725918035242
Fix_c_a_EY,msTotal.d_a,0.8495626889824766
Fix_c_a_EY,msTotal.d_c,0.8932352908898701
Fix_c_a_EY,pctOffscreen.a_a,0.7461540707221698
Fix_c_a_EY,pctOffscreen.a_c,0.6802006841047408
Fix_c_a_EY,pctOffscreen.d_a,0.6544492396064793
Fix_c_a_EY,pctOffscreen.d_c,0.5044493627510857
Fix_c_a_EY,pctOnBackground.a_a,0.005112342747684495
Fix_c_a_EY,pctOnBackground.a_c,0.005489827726478435
Fix_c_a_EY,pctOnBackground.d_a,0.006375406239454793
Fix_c_a_EY,pctOnBackground.d_c,0.001432654857083274
Fix_c_a_EY,pctSamplesOffscreenL,0.8508193501215714
Fix_c_a_EY,pctSamplesOffscreenR,0.8924462345430042
Fix_c_a_EY,ARI_6_P,0.321447198447749
Fix_c_a_EY,SCARED_P,0.06455578390428099
Fix_c_a_MO,Dwell_a_d_BG,0.3724200638227132
Fix_c_a_MO,Dwell_a_d_EY,0.5404188635526037
Fix_c_a_MO,Dwell_a_d_MO,4.408439296392648e-15
Fix_c_a_MO,Dwell_a_a_BG,0.28525637440536394
Fix_c_a_MO,Dwell_a_a_EY,0.48252977174312983
Fix_c_a_MO,Dwell_a_a_MO,4.3838460465433985e-13
Fix_c_a_MO,Dwell_c_d_BG,0.18877221598949867
Fix_c_a_MO,Dwell_c_d_EY,0.07960347268708722
Fix_c_a_MO,Dwell_c_d_MO,2.6655463149803613e-16
Fix_c_a_MO,Dwell_c_a_BG,0.1855291293698824
Fix_c_a_MO,Dwell_c_a_EY,0.2266839729756712
Fix_c_a_MO,Dwell_c_a_MO,6.414708466587535e-23
Fix_c_a_MO,pctFirstFixa_aEY,0.3795112459170472
Fix_c_a_MO,pctFirstFixa_aMO,4.166500799431482e-08
Fix_c_a_MO,pctFirstFixa_aBG,0.5401815584762826
Fix_c_a_MO,pctFirstFixc_aEY,0.35467731561702703
Fix_c_a_MO,pctFirstFixc_aMO,5.058884274986208e-19
Fix_c_a_MO,pctFirstFixc_aBG,0.1959964888650856
Fix_c_a_MO,pctFirstFixa_dEY,0.40503154272307945
Fix_c_a_MO,pctFirstFixa_dMO,1.092759859673441e-14
Fix_c_a_MO,pctFirstFixa_dBG,0.7586944479786051
Fix_c_a_MO,pctFirstFixc_dEY,0.14165211474423858
Fix_c_a_MO,pctFirstFixc_dMO,3.204939428236822e-12
Fix_c_a_MO,pctFirstFixc_dBG,0.19620923247786037
Fix_c_a_MO,meanRT-a_a,0.2681005475027832
Fix_c_a_MO,meanRT-c_a,0.4151174207819009
Fix_c_a_MO,meanRT-a_d,0.3087543343401082
Fix_c_a_MO,meanRT-c_d,0.4151174207819009
Fix_c_a_MO,msTotal.a_a,0.16675120950512193
Fix_c_a_MO,msTotal.a_c,0.8599582666115368
Fix_c_a_MO,msTotal.d_a,0.99679481204993
Fix_c_a_MO,msTotal.d_c,0.681773969555216
Fix_c_a_MO,pctOffscreen.a_a,0.8387835641330667
Fix_c_a_MO,pctOffscreen.a_c,0.8936734554583246
Fix_c_a_MO,pctOffscreen.d_a,0.8236722176818917
Fix_c_a_MO,pctOffscreen.d_c,0.612424355251937
Fix_c_a_MO,pctOnBackground.a_a,0.3863451081968339
Fix_c_a_MO,pctOnBackground.a_c,0.4570379610296553
Fix_c_a_MO,pctOnBackground.d_a,0.519892231566924
Fix_c_a_MO,pctOnBackground.d_c,0.8117807074104566
Fix_c_a_MO,pctSamplesOffscreenL,0.9178630537618183
Fix_c_a_MO,pctSamplesOffscreenR,0.8375386706132257
Fix_c_a_MO,ARI_6_P,0.9286885274462854
Fix_c_a_MO,SCARED_P,0.657513426381546
Dwell_a_d_BG,Dwell_a_d_EY,1.9380946665989374e-05
Dwell_a_d_BG,Dwell_a_d_MO,0.48871947185930387
Dwell_a_d_BG,Dwell_a_a_BG,5.351304123531968e-25
Dwell_a_d_BG,Dwell_a_a_EY,7.632290469664291e-06
Dwell_a_d_BG,Dwell_a_a_MO,0.36412401666454236
Dwell_a_d_BG,Dwell_c_d_BG,6.572399933584082e-25
Dwell_a_d_BG,Dwell_c_d_EY,0.0003238859233631857
Dwell_a_d_BG,Dwell_c_d_MO,0.6036032610188958
Dwell_a_d_BG,Dwell_c_a_BG,1.1159027065627198e-25
Dwell_a_d_BG,Dwell_c_a_EY,9.582737494913583e-05
Dwell_a_d_BG,Dwell_c_a_MO,0.5573408071515339
Dwell_a_d_BG,pctFirstFixa_aEY,0.0005385430313309005
Dwell_a_d_BG,pctFirstFixa_aMO,0.5186724609946852
Dwell_a_d_BG,pctFirstFixa_aBG,1.297315694753182e-09
Dwell_a_d_BG,pctFirstFixc_aEY,0.0017680381368844506
Dwell_a_d_BG,pctFirstFixc_aMO,0.3764651600183944
Dwell_a_d_BG,pctFirstFixc_aBG,5.961446198817609e-11
Dwell_a_d_BG,pctFirstFixa_dEY,0.00023165223860548755
Dwell_a_d_BG,pctFirstFixa_dMO,0.40521502396275266
Dwell_a_d_BG,pctFirstFixa_dBG,1.3518800515976693e-17
Dwell_a_d_BG,pctFirstFixc_dEY,0.007092138893305436
Dwell_a_d_BG,pctFirstFixc_dMO,0.7784218380804271
Dwell_a_d_BG,pctFirstFixc_dBG,5.945043951942297e-15
Dwell_a_d_BG,meanRT-a_a,0.8145084651594132
Dwell_a_d_BG,meanRT-c_a,0.8053771734334952
Dwell_a_d_BG,meanRT-a_d,0.9598380199776506
Dwell_a_d_BG,meanRT-c_d,0.9509959045228821
Dwell_a_d_BG,msTotal.a_a,0.040973823235093056
Dwell_a_d_BG,msTotal.a_c,0.22904888313935684
Dwell_a_d_BG,msTotal.d_a,0.8329577233429433
Dwell_a_d_BG,msTotal.d_c,0.5270585224606344
Dwell_a_d_BG,pctOffscreen.a_a,0.983478955082086
Dwell_a_d_BG,pctOffscreen.a_c,0.843392082267652
Dwell_a_d_BG,pctOffscreen.d_a,0.6406821308272715
Dwell_a_d_BG,pctOffscreen.d_c,0.8993493496111417
Dwell_a_d_BG,pctOnBackground.a_a,1.151898449688494e-06
Dwell_a_d_BG,pctOnBackground.a_c,5.864180438793296e-06
Dwell_a_d_BG,pctOnBackground.d_a,1.8110874506328956e-05
Dwell_a_d_BG,pctOnBackground.d_c,1.8366060092645476e-05
Dwell_a_d_BG,pctSamplesOffscreenL,0.9836535693461538
Dwell_a_d_BG,pctSamplesOffscreenR,0.9883466933859224
Dwell_a_d_BG,ARI_6_P,0.037646356071413326
Dwell_a_d_BG,SCARED_P,0.026000350279863253
Dwell_a_d_EY,Dwell_a_d_MO,0.4204391239755272
Dwell_a_d_EY,Dwell_a_a_BG,3.3836554947382575e-05
Dwell_a_d_EY,Dwell_a_a_EY,1.0179368849589352e-24
Dwell_a_d_EY,Dwell_a_a_MO,0.6639080140492776
Dwell_a_d_EY,Dwell_c_d_BG,5.3130922641068555e-05
Dwell_a_d_EY,Dwell_c_d_EY,1.5992353011131126e-19
Dwell_a_d_EY,Dwell_c_d_MO,0.40862469343208246
Dwell_a_d_EY,Dwell_c_a_BG,0.0001626125164458388
Dwell_a_d_EY,Dwell_c_a_EY,4.015473998374542e-21
Dwell_a_d_EY,Dwell_c_a_MO,0.3054456861864425
Dwell_a_d_EY,pctFirstFixa_aEY,1.0216200972283563e-06
Dwell_a_d_EY,pctFirstFixa_aMO,0.3180898299378423
Dwell_a_d_EY,pctFirstFixa_aBG,0.0002546166149550335
Dwell_a_d_EY,pctFirstFixc_aEY,7.13037315738264e-06
Dwell_a_d_EY,pctFirstFixc_aMO,0.8180012865981569
Dwell_a_d_EY,pctFirstFixc_aBG,8.049831310804564e-06
Dwell_a_d_EY,pctFirstFixa_dEY,1.4990007708704877e-13
Dwell_a_d_EY,pctFirstFixa_dMO,0.35271070421925715
Dwell_a_d_EY,pctFirstFixa_dBG,8.936220481712809e-05
Dwell_a_d_EY,pctFirstFixc_dEY,2.549777689465264e-06
Dwell_a_d_EY,pctFirstFixc_dMO,0.31997420116916325
Dwell_a_d_EY,pctFirstFixc_dBG,8.140923393722135e-06
Dwell_a_d_EY,meanRT-a_a,0.01279458243796953
Dwell_a_d_EY,meanRT-c_a,0.002783747628773335
Dwell_a_d_EY,meanRT-a_d,0.013748109793238908
Dwell_a_d_EY,meanRT-c_d,0.009980136408320593
Dwell_a_d_EY,msTotal.a_a,0.03732658603481909
Dwell_a_d_EY,msTotal.a_c,0.029399547873256587
Dwell_a_d_EY,msTotal.d_a,0.1633717352897184
Dwell_a_d_EY,msTotal.d_c,0.8850320461701331
Dwell_a_d_EY,pctOffscreen.a_a,0.31720359329257775
Dwell_a_d_EY,pctOffscreen.a_c,0.32243722028892435
Dwell_a_d_EY,pctOffscreen.d_a,0.31490202886059615
Dwell_a_d_EY,pctOffscreen.d_c,0.2276631947818951
Dwell_a_d_EY,pctOnBackground.a_a,0.0011215977087718938
Dwell_a_d_EY,pctOnBackground.a_c,0.00155284803774783
Dwell_a_d_EY,pctOnBackground.d_a,0.0018409092586569582
Dwell_a_d_EY,pctOnBackground.d_c,0.0003383187040275667
Dwell_a_d_EY,pctSamplesOffscreenL,0.3591778723150883
Dwell_a_d_EY,pctSamplesOffscreenR,0.3596332028937172
Dwell_a_d_EY,ARI_6_P,0.021348212755084008
Dwell_a_d_EY,SCARED_P,0.015184685717521648
Dwell_a_d_MO,Dwell_a_a_BG,0.3987016329013698
Dwell_a_d_MO,Dwell_a_a_EY,0.40521502396275266
Dwell_a_d_MO,Dwell_a_a_MO,1.2000285809003587e-14
Dwell_a_d_MO,Dwell_c_d_BG,0.2959003696193613
Dwell_a_d_MO,Dwell_c_d_EY,0.04251327862656213
Dwell_a_d_MO,Dwell_c_d_MO,2.1806192910901097e-17
Dwell_a_d_MO,Dwell_c_a_BG,0.2681005475027832
Dwell_a_d_MO,Dwell_c_a_EY,0.11415376490718614
Dwell_a_d_MO,Dwell_c_a_MO,4.1654070841342325e-13
Dwell_a_d_MO,pctFirstFixa_aEY,0.38173845731776307
Dwell_a_d_MO,pctFirstFixa_aMO,2.720422649732323e-07
Dwell_a_d_MO,pctFirstFixa_aBG,0.633788975639065
Dwell_a_d_MO,pctFirstFixc_aEY,0.4204763632811536
Dwell_a_d_MO,pctFirstFixc_aMO,1.746933188063631e-10
Dwell_a_d_MO,pctFirstFixc_aBG,0.2712987824403162
Dwell_a_d_MO,pctFirstFixa_dEY,0.32695842179077705
Dwell_a_d_MO,pctFirstFixa_dMO,1.1572465586453632e-14
Dwell_a_d_MO,pctFirstFixa_dBG,0.7969788226352117
Dwell_a_d_MO,pctFirstFixc_dEY,0.08822066927113227
Dwell_a_d_MO,pctFirstFixc_dMO,2.9015594809913647e-08
Dwell_a_d_MO,pctFirstFixc_dBG,0.32877529190269467
Dwell_a_d_MO,meanRT-a_a,0.1772697214512524
Dwell_a_d_MO,meanRT-c_a,0.34307372560799343
Dwell_a_d_MO,meanRT-a_d,0.20610863195290996
Dwell_a_d_MO,meanRT-c_d,0.3940859809002833
Dwell_a_d_MO,msTotal.a_a,0.1822940396702297
Dwell_a_d_MO,msTotal.a_c,0.9961400906660222
Dwell_a_d_MO,msTotal.d_a,0.8993493496111417
Dwell_a_d_MO,msTotal.d_c,0.28499320608503187
Dwell_a_d_MO,pctOffscreen.a_a,0.8053771734334952
Dwell_a_d_MO,pctOffscreen.a_c,0.6802006841047408
Dwell_a_d_MO,pctOffscreen.d_a,0.8424038085683792
Dwell_a_d_MO,pctOffscreen.d_c,0.3728326204578324
Dwell_a_d_MO,pctOnBackground.a_a,0.8762014609161068
Dwell_a_d_MO,pctOnBackground.a_c,0.8710153692064719
Dwell_a_d_MO,pctOnBackground.d_a,0.7969788226352117
Dwell_a_d_MO,pctOnBackground.d_c,0.8993493496111417
Dwell_a_d_MO,pctSamplesOffscreenL,0.659859639398476
Dwell_a_d_MO,pctSamplesOffscreenR,0.5611754527475835
Dwell_a_d_MO,ARI_6_P,0.9352977032539065
Dwell_a_d_MO,SCARED_P,0.4228736200085942
Dwell_a_a_BG,Dwell_a_a_EY,1.5192945980756352e-05
Dwell_a_a_BG,Dwell_a_a_MO,0.2939016717607265
Dwell_a_a_BG,Dwell_c_d_BG,3.957622801296366e-22
Dwell_a_a_BG,Dwell_c_d_EY,0.0008780153264047371
Dwell_a_a_BG,Dwell_c_d_MO,0.4400532943641629
Dwell_a_a_BG,Dwell_c_a_BG,2.900702814659419e-19
Dwell_a_a_BG,Dwell_c_a_EY,0.00043700902377071367
Dwell_a_a_BG,Dwell_c_a_MO,0.4466195427787273
Dwell_a_a_BG,pctFirstFixa_aEY,0.0008427429549505563
Dwell_a_a_BG,pctFirstFixa_aMO,0.3604075622933271
Dwell_a_a_BG,pctFirstFixa_aBG,1.0876001494835211e-11
Dwell_a_a_BG,pctFirstFixc_aEY,0.008421781258273493
Dwell_a_a_BG,pctFirstFixc_aMO,0.35150733322081035
Dwell_a_a_BG,pctFirstFixc_aBG,1.4399402242857152e-09
Dwell_a_a_BG,pctFirstFixa_dEY,0.00036197624366651835
Dwell_a_a_BG,pctFirstFixa_dMO,0.31467636982637376
Dwell_a_a_BG,pctFirstFixa_dBG,5.866944828222232e-13
Dwell_a_a_BG,pctFirstFixc_dEY,0.014309932408225845
Dwell_a_a_BG,pctFirstFixc_dMO,0.5763179938192429
Dwell_a_a_BG,pctFirstFixc_dBG,4.008995231824809e-14
Dwell_a_a_BG,meanRT-a_a,0.7632318846608231
Dwell_a_a_BG,meanRT-c_a,0.8023128729987746
Dwell_a_a_BG,meanRT-a_d,0.9352977032539065
Dwell_a_a_BG,meanRT-c_d,0.9378806746573465
Dwell_a_a_BG,msTotal.a_a,0.0804045476640436
Dwell_a_a_BG,msTotal.a_c,0.3301295441800315
Dwell_a_a_BG,msTotal.d_a,0.7774747076661752
Dwell_a_a_BG,msTotal.d_c,0.8491499637823751
Dwell_a_a_BG,pctOffscreen.a_a,0.8156964540069226
Dwell_a_a_BG,pctOffscreen.a_c,0.8164641011431211
Dwell_a_a_BG,pctOffscreen.d_a,0.5910010295297402
Dwell_a_a_BG,pctOffscreen.d_c,0.7887156556395778
Dwell_a_a_BG,pctOnBackground.a_a,1.032178708724853e-07
Dwell_a_a_BG,pctOnBackground.a_c,1.4900756886633177e-06
Dwell_a_a_BG,pctOnBackground.d_a,5.018165491457091e-06
Dwell_a_a_BG,pctOnBackground.d_c,3.922635802873233e-06
Dwell_a_a_BG,pctSamplesOffscreenL,0.7967988454367663
Dwell_a_a_BG,pctSamplesOffscreenR,0.8387835641330667
Dwell_a_a_BG,ARI_6_P,0.02876520951919247
Dwell_a_a_BG,SCARED_P,0.040973823235093056
Dwell_a_a_EY,Dwell_a_a_MO,0.5969234929431757
Dwell_a_a_EY,Dwell_c_d_BG,1.3869144530673129e-05
Dwell_a_a_EY,Dwell_c_d_EY,9.847657411585517e-19
Dwell_a_a_EY,Dwell_c_d_MO,0.42813197228070643
Dwell_a_a_EY,Dwell_c_a_BG,5.665153244244591e-05
Dwell_a_a_EY,Dwell_c_a_EY,2.2090465657438844e-20
Dwell_a_a_EY,Dwell_c_a_MO,0.28891462586281785
Dwell_a_a_EY,pctFirstFixa_aEY,1.151898449688494e-06
Dwell_a_a_EY,pctFirstFixa_aMO,0.24470896202569817
Dwell_a_a_EY,pctFirstFixa_aBG,9.102238623361887e-05
Dwell_a_a_EY,pctFirstFixc_aEY,7.369135315488302e-05
Dwell_a_a_EY,pctFirstFixc_aMO,0.7485944680569886
Dwell_a_a_EY,pctFirstFixc_aBG,7.632290469664291e-06
Dwell_a_a_EY,pctFirstFixa_dEY,2.480357097491633e-09
Dwell_a_a_EY,pctFirstFixa_dMO,0.2524435240329536
Dwell_a_a_EY,pctFirstFixa_dBG,8.578611827100049e-05
Dwell_a_a_EY,pctFirstFixc_dEY,3.4185011618934824e-05
Dwell_a_a_EY,pctFirstFixc_dMO,0.2688931301081747
Dwell_a_a_EY,pctFirstFixc_dBG,2.1510109360347024e-05
Dwell_a_a_EY,meanRT-a_a,0.011418709341755914
Dwell_a_a_EY,meanRT-c_a,0.007566175598046529
Dwell_a_a_EY,meanRT-a_d,0.019491181800218294
Dwell_a_a_EY,meanRT-c_d,0.016484390459613425
Dwell_a_a_EY,msTotal.a_a,0.011325524905746568
Dwell_a_a_EY,msTotal.a_c,0.02909297557269704
Dwell_a_a_EY,msTotal.d_a,0.3841277045958762
Dwell_a_a_EY,msTotal.d_c,0.8599582666115368
Dwell_a_a_EY,pctOffscreen.a_a,0.2895638946818534
Dwell_a_a_EY,pctOffscreen.a_c,0.48378594520287566
Dwell_a_a_EY,pctOffscreen.d_a,0.6174210164790987
Dwell_a_a_EY,pctOffscreen.d_c,0.3865775126797788
Dwell_a_a_EY,pctOnBackground.a_a,0.00048181779961922603
Dwell_a_a_EY,pctOnBackground.a_c,0.0022244367112533134
Dwell_a_a_EY,pctOnBackground.d_a,0.005177027504656435
Dwell_a_a_EY,pctOnBackground.d_c,0.00039383609378312905
Dwell_a_a_EY,pctSamplesOffscreenL,0.5666178148344443
Dwell_a_a_EY,pctSamplesOffscreenR,0.5270050159072004
Dwell_a_a_EY,ARI_6_P,0.06494358466124116
Dwell_a_a_EY,SCARED_P,0.009517194015029226
Dwell_a_a_MO,Dwell_c_d_BG,0.3270552192487874
Dwell_a_a_MO,Dwell_c_d_EY,0.19520750661697936
Dwell_a_a_MO,Dwell_c_d_MO,1.8414026171454323e-10
Dwell_a_a_MO,Dwell_c_a_BG,0.23805584587337103
Dwell_a_a_MO,Dwell_c_a_EY,0.28525637440536394
Dwell_a_a_MO,Dwell_c_a_MO,1.09173704312364e-10
Dwell_a_a_MO,pctFirstFixa_aEY,0.5148781294971185
Dwell_a_a_MO,pctFirstFixa_aMO,1.1630131980131848e-10
Dwell_a_a_MO,pctFirstFixa_aBG,0.2728228531664586
Dwell_a_a_MO,pctFirstFixc_aEY,0.45226997649854184
Dwell_a_a_MO,pctFirstFixc_aMO,6.962122596063192e-12
Dwell_a_a_MO,pctFirstFixc_aBG,0.3274300593527839
Dwell_a_a_MO,pctFirstFixa_dEY,0.4633687801879612
Dwell_a_a_MO,pctFirstFixa_dMO,2.318623116653465e-07
Dwell_a_a_MO,pctFirstFixa_dBG,0.5907635166508398
Dwell_a_a_MO,pctFirstFixc_dEY,0.1532358280905348
Dwell_a_a_MO,pctFirstFixc_dMO,4.721885855450433e-06
Dwell_a_a_MO,pctFirstFixc_dBG,0.5767779461425754
Dwell_a_a_MO,meanRT-a_a,0.2868151458350335
Dwell_a_a_MO,meanRT-c_a,0.522494473402897
Dwell_a_a_MO,meanRT-a_d,0.3319016950047096
Dwell_a_a_MO,meanRT-c_d,0.4747877441380996
Dwell_a_a_MO,msTotal.a_a,0.13673674108842684
Dwell_a_a_MO,msTotal.a_c,0.9219835765774552
Dwell_a_a_MO,msTotal.d_a,0.6420618160739773
Dwell_a_a_MO,msTotal.d_c,0.7783523866040701
Dwell_a_a_MO,pctOffscreen.a_a,0.9249315116652562
Dwell_a_a_MO,pctOffscreen.a_c,0.872331906783105
Dwell_a_a_MO,pctOffscreen.d_a,0.7956664318457617
Dwell_a_a_MO,pctOffscreen.d_c,0.771530341516292
Dwell_a_a_MO,pctOnBackground.a_a,0.5197727900924924
Dwell_a_a_MO,pctOnBackground.a_c,0.6318594865311803
Dwell_a_a_MO,pctOnBackground.d_a,0.6595022278740087
Dwell_a_a_MO,pctOnBackground.d_c,0.8508193501215714
Dwell_a_a_MO,pctSamplesOffscreenL,0.8053771734334952
Dwell_a_a_MO,pctSamplesOffscreenR,0.7761704199818408
Dwell_a_a_MO,ARI_6_P,0.7421717488183306
Dwell_a_a_MO,SCARED_P,0.6902709389691392
Dwell_c_d_BG,Dwell_c_d_EY,0.00030436550384461313
Dwell_c_d_BG,Dwell_c_d_MO,0.35150733322081035
Dwell_c_d_BG,Dwell_c_a_BG,4.069443994680931e-27
Dwell_c_d_BG,Dwell_c_a_EY,0.00021626620097818663
Dwell_c_d_BG,Dwell_c_a_MO,0.2972851787283305
Dwell_c_d_BG,pctFirstFixa_aEY,0.002379430068867119
Dwell_c_d_BG,pctFirstFixa_aMO,0.38223580705797033
Dwell_c_d_BG,pctFirstFixa_aBG,7.85910639370331e-08
Dwell_c_d_BG,pctFirstFixc_aEY,0.00706842673867962
Dwell_c_d_BG,pctFirstFixc_aMO,0.17709776133965874
Dwell_c_d_BG,pctFirstFixc_aBG,2.0464569599543214e-10
Dwell_c_d_BG,pctFirstFixa_dEY,0.000672476247792515
Dwell_c_d_BG,pctFirstFixa_dMO,0.1959964888650856
Dwell_c_d_BG,pctFirstFixa_dBG,1.063653812395053e-12
Dwell_c_d_BG,pctFirstFixc_dEY,0.009552666447418841
Dwell_c_d_BG,pctFirstFixc_dMO,0.5003824518124287
Dwell_c_d_BG,pctFirstFixc_dBG,1.3647910628434973e-16
Dwell_c_d_BG,meanRT-a_a,0.8201358919112919
Dwell_c_d_BG,meanRT-c_a,0.7282524078469246
Dwell_c_d_BG,meanRT-a_d,0.9246801833770629
Dwell_c_d_BG,meanRT-c_d,0.928813170032339
Dwell_c_d_BG,msTotal.a_a,0.05195875450874001
Dwell_c_d_BG,msTotal.a_c,0.37903753956718456
Dwell_c_d_BG,msTotal.d_a,0.9178630537618183
Dwell_c_d_BG,msTotal.d_c,0.5719612750253649
Dwell_c_d_BG,pctOffscreen.a_a,0.7334356433702378
Dwell_c_d_BG,pctOffscreen.a_c,0.8022337893473502
Dwell_c_d_BG,pctOffscreen.d_a,0.7568034036102472
Dwell_c_d_BG,pctOffscreen.d_c,0.9286885274462854
Dwell_c_d_BG,pctOnBackground.a_a,2.6377879247262226e-07
Dwell_c_d_BG,pctOnBackground.a_c,4.587107750075839e-06
Dwell_c_d_BG,pctOnBackground.d_a,1.4362472730782017e-05
Dwell_c_d_BG,pctOnBackground.d_c,7.13037315738264e-06
Dwell_c_d_BG,pctSamplesOffscreenL,0.8164641011431211
Dwell_c_d_BG,pctSamplesOffscreenR,0.8946531030913836
Dwell_c_d_BG,ARI_6_P,0.08972158260528827
Dwell_c_d_BG,SCARED_P,0.06361842524078928
Dwell_c_d_EY,Dwell_c_d_MO,0.07428199606738424
Dwell_c_d_EY,Dwell_c_a_BG,0.0013339329902863257
Dwell_c_d_EY,Dwell_c_a_EY,2.267402555279504e-24
Dwell_c_d_EY,Dwell_c_a_MO,0.04104410023475328
Dwell_c_d_EY,pctFirstFixa_aEY,3.5229219496918507e-06
Dwell_c_d_EY,pctFirstFixa_aMO,0.17596957774940766
Dwell_c_d_EY,pctFirstFixa_aBG,0.0008780153264047371
Dwell_c_d_EY,pctFirstFixc_aEY,6.77767179006123e-07
Dwell_c_d_EY,pctFirstFixc_aMO,0.2773409746249033
Dwell_c_d_EY,pctFirstFixc_aBG,0.0006306828178258045
Dwell_c_d_EY,pctFirstFixa_dEY,7.051110587999323e-12
Dwell_c_d_EY,pctFirstFixa_dMO,0.0300985893839847
Dwell_c_d_EY,pctFirstFixa_dBG,0.00029888764644640906
Dwell_c_d_EY,pctFirstFixc_dEY,7.806261326237753e-09
Dwell_c_d_EY,pctFirstFixc_dMO,0.08575871562130272
Dwell_c_d_EY,pctFirstFixc_dBG,0.00017519667996439357
Dwell_c_d_EY,meanRT-a_a,0.2422378016148128
Dwell_c_d_EY,meanRT-c_a,0.057553877493897135
Dwell_c_d_EY,meanRT-a_d,0.2556780885409783
Dwell_c_d_EY,meanRT-c_d,0.11079627027643081
Dwell_c_d_EY,msTotal.a_a,0.029709767941679288
Dwell_c_d_EY,msTotal.a_c,0.06556543642178597
Dwell_c_d_EY,msTotal.d_a,0.4316412965299877
Dwell_c_d_EY,msTotal.d_c,0.9836001042804521
Dwell_c_d_EY,pctOffscreen.a_a,0.22440978994730593
Dwell_c_d_EY,pctOffscreen.a_c,0.3128556476634952
Dwell_c_d_EY,pctOffscreen.d_a,0.4568220545107212
Dwell_c_d_EY,pctOffscreen.d_c,0.12875139869563468
Dwell_c_d_EY,pctOnBackground.a_a,0.0019530786609675342
Dwell_c_d_EY,pctOnBackground.a_c,0.004428045558923331
Dwell_c_d_EY,pctOnBackground.d_a,0.008328499332888996
Dwell_c_d_EY,pctOnBackground.d_c,0.00025826076972312135
Dwell_c_d_EY,pctSamplesOffscreenL,0.3591778723150883
Dwell_c_d_EY,pctSamplesOffscreenR,0.37628535637214017
Dwell_c_d_EY,ARI_6_P,0.3945259086417992
Dwell_c_d_EY,SCARED_P,0.15800249076662654
Dwell_c_d_MO,Dwell_c_a_BG,0.37350460389335527
Dwell_c_d_MO,Dwell_c_a_EY,0.19761965249855926
Dwell_c_d_MO,Dwell_c_a_MO,2.6540752576402893e-12
Dwell_c_d_MO,pctFirstFixa_aEY,0.32174963038890203
Dwell_c_d_MO,pctFirstFixa_aMO,3.0526819059562574e-10
Dwell_c_d_MO,pctFirstFixa_aBG,0.7563258512479883
Dwell_c_d_MO,pctFirstFixc_aEY,0.37903099020545
Dwell_c_d_MO,pctFirstFixc_aMO,1.1040550899806496e-09
Dwell_c_d_MO,pctFirstFixc_aBG,0.45813644838452805
Dwell_c_d_MO,pctFirstFixa_dEY,0.3255125216210717
Dwell_c_d_MO,pctFirstFixa_dMO,5.397593455641577e-13
Dwell_c_d_MO,pctFirstFixa_dBG,0.9642774059729112
Dwell_c_d_MO,pctFirstFixc_dEY,0.1325231672752646
Dwell_c_d_MO,pctFirstFixc_dMO,7.383034358505444e-17
Dwell_c_d_MO,pctFirstFixc_dBG,0.3552056090033961
Dwell_c_d_MO,meanRT-a_a,0.3764905866344537
Dwell_c_d_MO,meanRT-c_a,0.6330071268997145
Dwell_c_d_MO,meanRT-a_d,0.4588211375659615
Dwell_c_d_MO,meanRT-c_d,0.5336645303186822
Dwell_c_d_MO,msTotal.a_a,0.12246385344670768
Dwell_c_d_MO,msTotal.a_c,0.533246391118949
Dwell_c_d_MO,msTotal.d_a,0.8236145629561771
Dwell_c_d_MO,msTotal.d_c,0.2837669598981363
Dwell_c_d_MO,pctOffscreen.a_a,0.8645374461335212
Dwell_c_d_MO,pctOffscreen.a_c,0.9198910019921785
Dwell_c_d_MO,pctOffscreen.d_a,0.8182620719330901
Dwell_c_d_MO,pctOffscreen.d_c,0.5241331590404724
Dwell_c_d_MO,pctOnBackground.a_a,0.7903759517049234
Dwell_c_d_MO,pctOnBackground.a_c,0.7759517851251957
Dwell_c_d_MO,pctOnBackground.d_a,0.7969788226352117
Dwell_c_d_MO,pctOnBackground.d_c,0.9322284763028723
Dwell_c_d_MO,pctSamplesOffscreenL,0.808401787839162
Dwell_c_d_MO,pctSamplesOffscreenR,0.7076370838423636
Dwell_c_d_MO,ARI_6_P,0.7945601677390767
Dwell_c_d_MO,SCARED_P,0.3502437945709424
Dwell_c_a_BG,Dwell_c_a_EY,0.0006701909626875123
Dwell_c_a_BG,Dwell_c_a_MO,0.28020538744670875
Dwell_c_a_BG,pctFirstFixa_aEY,0.004118912323559659
Dwell_c_a_BG,pctFirstFixa_aMO,0.2569168324889744
Dwell_c_a_BG,pctFirstFixa_aBG,1.1068072728371883e-07
Dwell_c_a_BG,pctFirstFixc_aEY,0.004942409891511223
Dwell_c_a_BG,pctFirstFixc_aMO,0.20171419956178466
Dwell_c_a_BG,pctFirstFixc_aBG,1.3681764512911228e-13
Dwell_c_a_BG,pctFirstFixa_dEY,0.0011215977087718938
Dwell_c_a_BG,pctFirstFixa_dMO,0.1785904737608599
Dwell_c_a_BG,pctFirstFixa_dBG,4.600606815339517e-13
Dwell_c_a_BG,pctFirstFixc_dEY,0.018770312258338293
Dwell_c_a_BG,pctFirstFixc_dMO,0.5356071130701063
Dwell_c_a_BG,pctFirstFixc_dBG,3.7436600245034386e-16
Dwell_c_a_BG,meanRT-a_a,0.9712533646240656
Dwell_c_a_BG,meanRT-c_a,0.956194586246404
Dwell_c_a_BG,meanRT-a_d,0.8508193501215714
Dwell_c_a_BG,meanRT-c_d,0.8164641011431211
Dwell_c_a_BG,msTotal.a_a,0.12412867078911698
Dwell_c_a_BG,msTotal.a_c,0.24781801719109056
Dwell_c_a_BG,msTotal.d_a,0.8584107916143494
Dwell_c_a_BG,msTotal.d_c,0.5960671095743246
Dwell_c_a_BG,pctOffscreen.a_a,0.8932352908898701
Dwell_c_a_BG,pctOffscreen.a_c,0.7722681728894056
Dwell_c_a_BG,pctOffscreen.d_a,0.6151135834103292
Dwell_c_a_BG,pctOffscreen.d_c,0.8878309809622983
Dwell_c_a_BG,pctOnBackground.a_a,3.973384912916548e-06
Dwell_c_a_BG,pctOnBackground.a_c,1.2296721216688603e-05
Dwell_c_a_BG,pctOnBackground.d_a,6.758137271177146e-05
Dwell_c_a_BG,pctOnBackground.d_c,6.499171964196131e-05
Dwell_c_a_BG,pctSamplesOffscreenL,0.8924462345430042
Dwell_c_a_BG,pctSamplesOffscreenR,0.9226515731499475
Dwell_c_a_BG,ARI_6_P,0.031633070843600675
Dwell_c_a_BG,SCARED_P,0.19104151066200378
Dwell_c_a_EY,Dwell_c_a_MO,0.06634293005758053
Dwell_c_a_EY,pctFirstFixa_aEY,1.7141739893497592e-06
Dwell_c_a_EY,pctFirstFixa_aMO,0.277774276785652
Dwell_c_a_EY,pctFirstFixa_aBG,0.0005558261717610749
Dwell_c_a_EY,pctFirstFixc_aEY,5.9040319340689996e-08
Dwell_c_a_EY,pctFirstFixc_aMO,0.3987016329013698
Dwell_c_a_EY,pctFirstFixc_aBG,0.00011327678693389233
Dwell_c_a_EY,pctFirstFixa_dEY,1.7628036875420283e-12
Dwell_c_a_EY,pctFirstFixa_dMO,0.09893921023496619
Dwell_c_a_EY,pctFirstFixa_dBG,0.00019204225358670558
Dwell_c_a_EY,pctFirstFixc_dEY,5.493926604544948e-07
Dwell_c_a_EY,pctFirstFixc_dMO,0.1653804843654197
Dwell_c_a_EY,pctFirstFixc_dBG,0.00010067621563804653
Dwell_c_a_EY,meanRT-a_a,0.10010460616507812
Dwell_c_a_EY,meanRT-c_a,0.006936450962443378
Dwell_c_a_EY,meanRT-a_d,0.10274624612846696
Dwell_c_a_EY,meanRT-c_d,0.059161337393341375
Dwell_c_a_EY,msTotal.a_a,0.04139083335716135
Dwell_c_a_EY,msTotal.a_c,0.12600674383757016
Dwell_c_a_EY,msTotal.d_a,0.5159748104629696
Dwell_c_a_EY,msTotal.d_c,0.8584107916143494
Dwell_c_a_EY,pctOffscreen.a_a,0.2384277486139045
Dwell_c_a_EY,pctOffscreen.a_c,0.14165211474423858
Dwell_c_a_EY,pctOffscreen.d_a,0.2504666719715458
Dwell_c_a_EY,pctOffscreen.d_c,0.09076087949710705
Dwell_c_a_EY,pctOnBackground.a_a,0.0005881259658607117
Dwell_c_a_EY,pctOnBackground.a_c,0.0003751640208049157
Dwell_c_a_EY,pctOnBackground.d_a,0.0007337536005541085
Dwell_c_a_EY,pctOnBackground.d_c,4.2595648648889844e-05
Dwell_c_a_EY,pctSamplesOffscreenL,0.26756864805934916
Dwell_c_a_EY,pctSamplesOffscreenR,0.2422378016148128
Dwell_c_a_EY,ARI_6_P,0.19827316949859425
Dwell_c_a_EY,SCARED_P,0.04139083335716135
Dwell_c_a_MO,pctFirstFixa_aEY,0.2246855927957339
Dwell_c_a_MO,pctFirstFixa_aMO,4.109733317177006e-06
Dwell_c_a_MO,pctFirstFixa_aBG,0.773649391839817
Dwell_c_a_MO,pctFirstFixc_aEY,0.19896379913929552
Dwell_c_a_MO,pctFirstFixc_aMO,4.460483851381362e-17
Dwell_c_a_MO,pctFirstFixc_aBG,0.32174963038890203
Dwell_c_a_MO,pctFirstFixa_dEY,0.18039615885009638
Dwell_c_a_MO,pctFirstFixa_dMO,9.238723185340446e-13
Dwell_c_a_MO,pctFirstFixa_dBG,0.8971137972506876
Dwell_c_a_MO,pctFirstFixc_dEY,0.10381340278863302
Dwell_c_a_MO,pctFirstFixc_dMO,1.7233716640044822e-10
Dwell_c_a_MO,pctFirstFixc_dBG,0.3064019717170016
Dwell_c_a_MO,meanRT-a_a,0.7586944479786051
Dwell_c_a_MO,meanRT-c_a,0.8514688709614772
Dwell_c_a_MO,meanRT-a_d,0.8073169833524212
Dwell_c_a_MO,meanRT-c_d,0.9630826602971929
Dwell_c_a_MO,msTotal.a_a,0.3398716301601921
Dwell_c_a_MO,msTotal.a_c,0.8725130462366038
Dwell_c_a_MO,msTotal.d_a,0.9930041869422693
Dwell_c_a_MO,msTotal.d_c,0.7887156556395778
Dwell_c_a_MO,pctOffscreen.a_a,0.8599582666115368
Dwell_c_a_MO,pctOffscreen.a_c,0.6041418466995376
Dwell_c_a_MO,pctOffscreen.d_a,0.5125661726713677
Dwell_c_a_MO,pctOffscreen.d_c,0.6486532845579024
Dwell_c_a_MO,pctOnBackground.a_a,0.5824990761904905
Dwell_c_a_MO,pctOnBackground.a_c,0.7608019165496264
Dwell_c_a_MO,pctOnBackground.d_a,0.8378352667734466
Dwell_c_a_MO,pctOnBackground.d_c,0.8530023396397862
Dwell_c_a_MO,pctSamplesOffscreenL,0.9630826602971929
Dwell_c_a_MO,pctSamplesOffscreenR,0.8164641011431211
Dwell_c_a_MO,ARI_6_P,0.8710153692064719
Dwell_c_a_MO,SCARED_P,0.4372533795644607
pctFirstFixa_aEY,pctFirstFixa_aMO,0.2939016717607265
pctFirstFixa_aEY,pctFirstFixa_aBG,0.0005123756698315221
pctFirstFixa_aEY,pctFirstFixc_aEY,2.0853062234838576e-08
pctFirstFixa_aEY,pctFirstFixc_aMO,0.562347113776561
pctFirstFixa_aEY,pctFirstFixc_aBG,0.0012675412291322402
pctFirstFixa_aEY,pctFirstFixa_dEY,2.569805416423217e-12
pctFirstFixa_aEY,pctFirstFixa_dMO,0.28188305729601015
pctFirstFixa_aEY,pctFirstFixa_dBG,0.000694215532069516
pctFirstFixa_aEY,pctFirstFixc_dEY,1.1897129768525142e-11
pctFirstFixa_aEY,pctFirstFixc_dMO,0.2915222697219181
pctFirstFixa_aEY,pctFirstFixc_dBG,0.0005969922134207869
pctFirstFixa_aEY,meanRT-a_a,0.3064019717170016
pctFirstFixa_aEY,meanRT-c_a,0.33579129714815475
pctFirstFixa_aEY,meanRT-a_d,0.36947992051260686
pctFirstFixa_aEY,meanRT-c_d,0.3500486558484438
pctFirstFixa_aEY,msTotal.a_a,0.06281953634418946
pctFirstFixa_aEY,msTotal.a_c,0.08972158260528827
pctFirstFixa_aEY,msTotal.d_a,0.7298557735261629
pctFirstFixa_aEY,msTotal.d_c,0.8329577233429433
pctFirstFixa_aEY,pctOffscreen.a_a,0.628409080544318
pctFirstFixa_aEY,pctOffscreen.a_c,0.7898386202667611
pctFirstFixa_aEY,pctOffscreen.d_a,0.7887156556395778
pctFirstFixa_aEY,pctOffscreen.d_c,0.38985914293399704
pctFirstFixa_aEY,pctOnBackground.a_a,0.010030365719931583
pctFirstFixa_aEY,pctOnBackground.a_c,0.044857719706628364
pctFirstFixa_aEY,pctOnBackground.d_a,0.025190561910816294
pctFirstFixa_aEY,pctOnBackground.d_c,0.00581081890425863
pctFirstFixa_aEY,pctSamplesOffscreenL,0.4989486048312193
pctFirstFixa_aEY,pctSamplesOffscreenR,0.506127459030629
pctFirstFixa_aEY,ARI_6_P,0.22904888313935684
pctFirstFixa_aEY,SCARED_P,0.008536717337681188
pctFirstFixa_aMO,pctFirstFixa_aBG,0.41369786353903726
pctFirstFixa_aMO,pctFirstFixc_aEY,0.5856250395591138
pctFirstFixa_aMO,pctFirstFixc_aMO,9.074630071126363e-06
pctFirstFixa_aMO,pctFirstFixc_aBG,0.6161535553906812
pctFirstFixa_aMO,pctFirstFixa_dEY,0.3054456861864425
pctFirstFixa_aMO,pctFirstFixa_dMO,3.2848184668112844e-08
pctFirstFixa_aMO,pctFirstFixa_dBG,0.8982175989730927
pctFirstFixa_aMO,pctFirstFixc_dEY,0.24781801719109056
pctFirstFixa_aMO,pctFirstFixc_dMO,3.271730014582979e-11
pctFirstFixa_aMO,pctFirstFixc_dBG,0.688575782865414
pctFirstFixa_aMO,meanRT-a_a,0.4151174207819009
pctFirstFixa_aMO,meanRT-c_a,0.3970223571160402
pctFirstFixa_aMO,meanRT-a_d,0.4343313891376316
pctFirstFixa_aMO,meanRT-c_d,0.35150733322081035
pctFirstFixa_aMO,msTotal.a_a,0.8156964540069226
pctFirstFixa_aMO,msTotal.a_c,0.5238807506920382
pctFirstFixa_aMO,msTotal.d_a,0.926069820525245
pctFirstFixa_aMO,msTotal.d_c,0.6318594865311803
pctFirstFixa_aMO,pctOffscreen.a_a,0.9992156051710038
pctFirstFixa_aMO,pctOffscreen.a_c,0.6987994561687368
pctFirstFixa_aMO,pctOffscreen.d_a,0.8932352908898701
pctFirstFixa_aMO,pctOffscreen.d_c,0.9556250983867012
pctFirstFixa_aMO,pctOnBackground.a_a,0.45591711639062604
pctFirstFixa_aMO,pctOnBackground.a_c,0.3584100503330972
pctFirstFixa_aMO,pctOnBackground.d_a,0.44814315779999114
pctFirstFixa_aMO,pctOnBackground.d_c,0.5683036576261028
pctFirstFixa_aMO,pctSamplesOffscreenL,0.9467899467005466
pctFirstFixa_aMO,pctSamplesOffscreenR,0.9394680239716562
pctFirstFixa_aMO,ARI_6_P,0.34587348970226656
pctFirstFixa_aMO,SCARED_P,0.18700114755212768
pctFirstFixa_aBG,pctFirstFixc_aEY,0.008328499332888996
pctFirstFixa_aBG,pctFirstFixc_aMO,0.5230211061711514
pctFirstFixa_aBG,pctFirstFixc_aBG,8.932519011832032e-10
pctFirstFixa_aBG,pctFirstFixa_dEY,0.002398396005211548
pctFirstFixa_aBG,pctFirstFixa_dMO,0.7461540707221698
pctFirstFixa_aBG,pctFirstFixa_dBG,1.1897129768525142e-11
pctFirstFixa_aBG,pctFirstFixc_dEY,0.04104410023475328
pctFirstFixa_aBG,pctFirstFixc_dMO,0.8164641011431211
pctFirstFixa_aBG,pctFirstFixc_dBG,1.9506448952207864e-08
pctFirstFixa_aBG,meanRT-a_a,0.5683036576261028
pctFirstFixa_aBG,meanRT-c_a,0.681773969555216
pctFirstFixa_aBG,meanRT-a_d,0.80666663176133
pctFirstFixa_aBG,meanRT-c_d,0.8091056654044702
pctFirstFixa_aBG,msTotal.a_a,0.018877713223885977
pctFirstFixa_aBG,msTotal.a_c,0.2796932778194807
pctFirstFixa_aBG,msTotal.d_a,0.657513426381546
pctFirstFixa_aBG,msTotal.d_c,0.8754561622299475
pctFirstFixa_aBG,pctOffscreen.a_a,0.8073578357445836
pctFirstFixa_aBG,pctOffscreen.a_c,0.6512786596223041
pctFirstFixa_aBG,pctOffscreen.d_a,0.6541262914871625
pctFirstFixa_aBG,pctOffscreen.d_c,0.7851392455101257
pctFirstFixa_aBG,pctOnBackground.a_a,4.714546555330896e-06
pctFirstFixa_aBG,pctOnBackground.a_c,3.653023115783244e-05
pctFirstFixa_aBG,pctOnBackground.d_a,2.6445376555591357e-05
pctFirstFixa_aBG,pctOnBackground.d_c,7.046182845621325e-05
pctFirstFixa_aBG,pctSamplesOffscreenL,0.99679481204993
pctFirstFixa_aBG,pctSamplesOffscreenR,0.8993493496111417
pctFirstFixa_aBG,ARI_6_P,0.24144657583088294
pctFirstFixa_aBG,SCARED_P,0.11984781220730441
pctFirstFixc_aEY,pctFirstFixc_aMO,0.5120359602663651
pctFirstFixc_aEY,pctFirstFixc_aBG,0.00023323462688074317
pctFirstFixc_aEY,pctFirstFixa_dEY,1.6791761378057955e-11
pctFirstFixc_aEY,pctFirstFixa_dMO,0.3179020346294352
pctFirstFixc_aEY,pctFirstFixa_dBG,0.0010285615343613864
pctFirstFixc_aEY,pctFirstFixc_dEY,5.888378095746337e-11
pctFirstFixc_aEY,pctFirstFixc_dMO,0.3486402102976519
pctFirstFixc_aEY,pctFirstFixc_dBG,0.00615207718637551
pctFirstFixc_aEY,meanRT-a_a,0.5139806352850266
pctFirstFixc_aEY,meanRT-c_a,0.24974048069649293
pctFirstFixc_aEY,meanRT-a_d,0.5907635166508398
pctFirstFixc_aEY,meanRT-c_d,0.3697629935939529
pctFirstFixc_aEY,msTotal.a_a,0.06453491941624115
pctFirstFixc_aEY,msTotal.a_c,0.18700114755212768
pctFirstFixc_aEY,msTotal.d_a,0.522494473402897
pctFirstFixc_aEY,msTotal.d_c,0.9352977032539065
pctFirstFixc_aEY,pctOffscreen.a_a,0.7211242353652446
pctFirstFixc_aEY,pctOffscreen.a_c,0.7637164039524797
pctFirstFixc_aEY,pctOffscreen.d_a,0.42717182424181094
pctFirstFixc_aEY,pctOffscreen.d_c,0.15437412336513417
pctFirstFixc_aEY,pctOnBackground.a_a,0.019443791292054716
pctFirstFixc_aEY,pctOnBackground.a_c,0.030548131031477885
pctFirstFixc_aEY,pctOnBackground.d_a,0.011287167117152422
pctFirstFixc_aEY,pctOnBackground.d_c,0.0015362379870738278
pctFirstFixc_aEY,pctSamplesOffscreenL,0.34270735986414114
pctFirstFixc_aEY,pctSamplesOffscreenR,0.3764905866344537
pctFirstFixc_aEY,ARI_6_P,0.27866992860677575
pctFirstFixc_aEY,SCARED_P,0.42813197228070643
pctFirstFixc_aMO,pctFirstFixc_aBG,0.19104151066200378
pctFirstFixc_aMO,pctFirstFixa_dEY,0.570100048686063
pctFirstFixc_aMO,pctFirstFixa_dMO,7.0325439413838165e-09
pctFirstFixc_aMO,pctFirstFixa_dBG,0.673000264641747
pctFirstFixc_aMO,pctFirstFixc_dEY,0.3128556476634952
pctFirstFixc_aMO,pctFirstFixc_dMO,4.731628506737321e-07
pctFirstFixc_aMO,pctFirstFixc_dBG,0.22315658261750476
pctFirstFixc_aMO,meanRT-a_a,0.166699788961045
pctFirstFixc_aMO,meanRT-c_a,0.3591778723150883
pctFirstFixc_aMO,meanRT-a_d,0.1965421330909159
pctFirstFixc_aMO,meanRT-c_d,0.3706005607444287
pctFirstFixc_aMO,msTotal.a_a,0.3912972618043715
pctFirstFixc_aMO,msTotal.a_c,0.9437326907160307
pctFirstFixc_aMO,msTotal.d_a,0.7549786461593841
pctFirstFixc_aMO,msTotal.d_c,0.9593829906961019
pctFirstFixc_aMO,pctOffscreen.a_a,0.6651524447854205
pctFirstFixc_aMO,pctOffscreen.a_c,0.8424038085683792
pctFirstFixc_aMO,pctOffscreen.d_a,0.9582789132593158
pctFirstFixc_aMO,pctOffscreen.d_c,0.9763120142025382
pctFirstFixc_aMO,pctOnBackground.a_a,0.39225086741524523
pctFirstFixc_aMO,pctOnBackground.a_c,0.583050988486516
pctFirstFixc_aMO,pctOnBackground.d_a,0.5316415421589489
pctFirstFixc_aMO,pctOnBackground.d_c,0.6217627097576814
pctFirstFixc_aMO,pctSamplesOffscreenL,0.7945601677390767
pctFirstFixc_aMO,pctSamplesOffscreenR,0.9642774059729112
pctFirstFixc_aMO,ARI_6_P,0.9570631791550847
pctFirstFixc_aMO,SCARED_P,0.522494473402897
pctFirstFixc_aBG,pctFirstFixa_dEY,0.00041561597496688786
pctFirstFixc_aBG,pctFirstFixa_dMO,0.24916235238338283
pctFirstFixc_aBG,pctFirstFixa_dBG,8.906156984611965e-12
pctFirstFixc_aBG,pctFirstFixc_dEY,0.013807670222067293
pctFirstFixc_aBG,pctFirstFixc_dMO,0.7660184852367229
pctFirstFixc_aBG,pctFirstFixc_dBG,1.5135382549722253e-13
pctFirstFixc_aBG,meanRT-a_a,0.5790724005281059
pctFirstFixc_aBG,meanRT-c_a,0.47662321246219463
pctFirstFixc_aBG,meanRT-a_d,0.6512786596223041
pctFirstFixc_aBG,meanRT-c_d,0.7121291780243264
pctFirstFixc_aBG,msTotal.a_a,0.035421151949914124
pctFirstFixc_aBG,msTotal.a_c,0.12821516345763434
pctFirstFixc_aBG,msTotal.d_a,0.9877825323364864
pctFirstFixc_aBG,msTotal.d_c,0.6661843421008969
pctFirstFixc_aBG,pctOffscreen.a_a,0.570100048686063
pctFirstFixc_aBG,pctOffscreen.a_c,0.7774747076661752
pctFirstFixc_aBG,pctOffscreen.d_a,0.7211242353652446
pctFirstFixc_aBG,pctOffscreen.d_c,0.7855870718625686
pctFirstFixc_aBG,pctOnBackground.a_a,7.885199153315377e-05
pctFirstFixc_aBG,pctOnBackground.a_c,0.00010919184835277505
pctFirstFixc_aBG,pctOnBackground.d_a,0.00016645908773781272
pctFirstFixc_aBG,pctOnBackground.d_c,0.000330738265600976
pctFirstFixc_aBG,pctSamplesOffscreenL,0.532186548878321
pctFirstFixc_aBG,pctSamplesOffscreenR,0.681773969555216
pctFirstFixc_aBG,ARI_6_P,0.005489827726478435
pctFirstFixc_aBG,SCARED_P,0.11177688177576975
pctFirstFixa_dEY,pctFirstFixa_dMO,0.30738855307493385
pctFirstFixa_dEY,pctFirstFixa_dBG,0.00013629613198921282
pctFirstFixa_dEY,pctFirstFixc_dEY,5.0683469055370555e-12
pctFirstFixa_dEY,pctFirstFixc_dMO,0.17292857354833688
pctFirstFixa_dEY,pctFirstFixc_dBG,0.00029888764644640906
pctFirstFixa_dEY,meanRT-a_a,0.045650030151879364
pctFirstFixa_dEY,meanRT-c_a,0.015116073624921544
pctFirstFixa_dEY,meanRT-a_d,0.07050052598405909
pctFirstFixa_dEY,meanRT-c_d,0.0245482762385757
pctFirstFixa_dEY,msTotal.a_a,0.0388814168810518
pctFirstFixa_dEY,msTotal.a_c,0.03595447763130267
pctFirstFixa_dEY,msTotal.d_a,0.4151174207819009
pctFirstFixa_dEY,msTotal.d_c,0.9429337054350594
pctFirstFixa_dEY,pctOffscreen.a_a,0.7928530330639705
pctFirstFixa_dEY,pctOffscreen.a_c,0.7396425899003947
pctFirstFixa_dEY,pctOffscreen.d_a,0.8853726849836611
pctFirstFixa_dEY,pctOffscreen.d_c,0.5454366616591911
pctFirstFixa_dEY,pctOnBackground.a_a,0.014906597878594241
pctFirstFixa_dEY,pctOnBackground.a_c,0.020563193586943838
pctFirstFixa_dEY,pctOnBackground.d_a,0.02540231387314193
pctFirstFixa_dEY,pctOnBackground.d_c,0.006015950791719831
pctFirstFixa_dEY,pctSamplesOffscreenL,0.657513426381546
pctFirstFixa_dEY,pctSamplesOffscreenR,0.7183193223088336
pctFirstFixa_dEY,ARI_6_P,0.10345725918035242
pctFirstFixa_dEY,SCARED_P,0.054206665253002974
pctFirstFixa_dMO,pctFirstFixa_dBG,0.8811993225632073
pctFirstFixa_dMO,pctFirstFixc_dEY,0.07912038849402664
pctFirstFixa_dMO,pctFirstFixc_dMO,1.8235017725583542e-10
pctFirstFixa_dMO,pctFirstFixc_dBG,0.2138973741513041
pctFirstFixa_dMO,meanRT-a_a,0.9381397760178265
pctFirstFixa_dMO,meanRT-c_a,0.8946531030913836
pctFirstFixa_dMO,meanRT-a_d,0.9441126997371408
pctFirstFixa_dMO,meanRT-c_d,0.9630826602971929
pctFirstFixa_dMO,msTotal.a_a,0.5673713188961814
pctFirstFixa_dMO,msTotal.a_c,0.4409391040006086
pctFirstFixa_dMO,msTotal.d_a,0.7104007965841602
pctFirstFixa_dMO,msTotal.d_c,0.3064019717170016
pctFirstFixa_dMO,pctOffscreen.a_a,0.657513426381546
pctFirstFixa_dMO,pctOffscreen.a_c,0.6174210164790987
pctFirstFixa_dMO,pctOffscreen.d_a,0.8440807353289873
pctFirstFixa_dMO,pctOffscreen.d_c,0.6293382645266844
pctFirstFixa_dMO,pctOnBackground.a_a,0.7887156556395778
pctFirstFixa_dMO,pctOnBackground.a_c,0.8236145629561771
pctFirstFixa_dMO,pctOnBackground.d_a,0.7211242353652446
pctFirstFixa_dMO,pctOnBackground.d_c,0.8508193501215714
pctFirstFixa_dMO,pctSamplesOffscreenL,0.8485785418881744
pctFirstFixa_dMO,pctSamplesOffscreenR,0.8100932660576807
pctFirstFixa_dMO,ARI_6_P,0.9273734586132275
pctFirstFixa_dMO,SCARED_P,0.3596332028937172
pctFirstFixa_dBG,pctFirstFixc_dEY,0.0031032409168421653
pctFirstFixa_dBG,pctFirstFixc_dMO,0.7753160686336873
pctFirstFixa_dBG,pctFirstFixc_dBG,2.551455686462873e-14
pctFirstFixa_dBG,meanRT-a_a,0.7461540707221698
pctFirstFixa_dBG,meanRT-c_a,0.6629263020963554
pctFirstFixa_dBG,meanRT-a_d,0.8482732028085466
pctFirstFixa_dBG,meanRT-c_d,0.7568034036102472
pctFirstFixa_dBG,msTotal.a_a,0.022572616510563293
pctFirstFixa_dBG,msTotal.a_c,0.09583862025411093
pctFirstFixa_dBG,msTotal.d_a,0.8185445922706823
pctFirstFixa_dBG,msTotal.d_c,0.8073578357445836
pctFirstFixa_dBG,pctOffscreen.a_a,0.8164641011431211
pctFirstFixa_dBG,pctOffscreen.a_c,0.8930094028114933
pctFirstFixa_dBG,pctOffscreen.d_a,0.8710153692064719
pctFirstFixa_dBG,pctOffscreen.d_c,0.8681392808462138
pctFirstFixa_dBG,pctOnBackground.a_a,5.665153244244591e-05
pctFirstFixa_dBG,pctOnBackground.a_c,5.430072800266617e-05
pctFirstFixa_dBG,pctOnBackground.d_a,0.00021722062527284995
pctFirstFixa_dBG,pctOnBackground.d_c,0.00025924830391251593
pctFirstFixa_dBG,pctSamplesOffscreenL,0.8145084651594132
pctFirstFixa_dBG,pctSamplesOffscreenR,0.8850320461701331
pctFirstFixa_dBG,ARI_6_P,0.0393472784943966
pctFirstFixa_dBG,SCARED_P,0.025190561910816294
pctFirstFixc_dEY,pctFirstFixc_dMO,0.22643706967695718
pctFirstFixc_dEY,pctFirstFixc_dBG,0.0014391950431825347
pctFirstFixc_dEY,meanRT-a_a,0.7728714430959405
pctFirstFixc_dEY,meanRT-c_a,0.5541833603155
pctFirstFixc_dEY,meanRT-a_d,0.8508193501215714
pctFirstFixc_dEY,meanRT-c_d,0.583050988486516
pctFirstFixc_dEY,msTotal.a_a,0.022232965004229603
pctFirstFixc_dEY,msTotal.a_c,0.10778361913893195
pctFirstFixc_dEY,msTotal.d_a,0.8924462345430042
pctFirstFixc_dEY,msTotal.d_c,0.8424038085683792
pctFirstFixc_dEY,pctOffscreen.a_a,0.40531152361547496
pctFirstFixc_dEY,pctOffscreen.a_c,0.3728326204578324
pctFirstFixc_dEY,pctOffscreen.d_a,0.5206025005864783
pctFirstFixc_dEY,pctOffscreen.d_c,0.19090507763297568
pctFirstFixc_dEY,pctOnBackground.a_a,0.03910366322123151
pctFirstFixc_dEY,pctOnBackground.a_c,0.041991119515315735
pctFirstFixc_dEY,pctOnBackground.d_a,0.06015349539775342
pctFirstFixc_dEY,pctOnBackground.d_c,0.0061945417117752295
pctFirstFixc_dEY,pctSamplesOffscreenL,0.2822340907097295
pctFirstFixc_dEY,pctSamplesOffscreenR,0.34374503918133825
pctFirstFixc_dEY,ARI_6_P,0.2959003696193613
pctFirstFixc_dEY,SCARED_P,0.17921069389466773
pctFirstFixc_dMO,pctFirstFixc_dBG,0.5431900164051476
pctFirstFixc_dMO,meanRT-a_a,0.7256222740415671
pctFirstFixc_dMO,meanRT-c_a,0.6626535801267593
pctFirstFixc_dMO,meanRT-a_d,0.6486532845579024
pctFirstFixc_dMO,meanRT-c_d,0.7211242353652446
pctFirstFixc_dMO,msTotal.a_a,0.5813977056320311
pctFirstFixc_dMO,msTotal.a_c,0.6943345531400279
pctFirstFixc_dMO,msTotal.d_a,0.9084512297948555
pctFirstFixc_dMO,msTotal.d_c,0.506127459030629
pctFirstFixc_dMO,pctOffscreen.a_a,0.655585740406819
pctFirstFixc_dMO,pctOffscreen.a_c,0.6359471488167172
pctFirstFixc_dMO,pctOffscreen.d_a,0.7568034036102472
pctFirstFixc_dMO,pctOffscreen.d_c,0.9570631791550847
pctFirstFixc_dMO,pctOnBackground.a_a,0.580573547073304
pctFirstFixc_dMO,pctOnBackground.a_c,0.5238807506920382
pctFirstFixc_dMO,pctOnBackground.d_a,0.583050988486516
pctFirstFixc_dMO,pctOnBackground.d_c,0.8053771734334952
pctFirstFixc_dMO,pctSamplesOffscreenL,0.6897970672764453
pctFirstFixc_dMO,pctSamplesOffscreenR,0.7396425899003947
pctFirstFixc_dMO,ARI_6_P,0.8164641011431211
pctFirstFixc_dMO,SCARED_P,0.1567330989895827
pctFirstFixc_dBG,meanRT-a_a,0.8725130462366038
pctFirstFixc_dBG,meanRT-c_a,0.6821867227072935
pctFirstFixc_dBG,meanRT-a_d,0.9722260656427006
pctFirstFixc_dBG,meanRT-c_d,0.9429337054350594
pctFirstFixc_dBG,msTotal.a_a,0.017901508363012516
pctFirstFixc_dBG,msTotal.a_c,0.39225086741524523
pctFirstFixc_dBG,msTotal.d_a,0.9202026178992724
pctFirstFixc_dBG,msTotal.d_c,0.6000979314250894
pctFirstFixc_dBG,pctOffscreen.a_a,0.41674832147588015
pctFirstFixc_dBG,pctOffscreen.a_c,0.48502758867091317
pctFirstFixc_dBG,pctOffscreen.d_a,0.6807884869100674
pctFirstFixc_dBG,pctOffscreen.d_c,0.5165408457426934
pctFirstFixc_dBG,pctOnBackground.a_a,1.0600368846632631e-05
pctFirstFixc_dBG,pctOnBackground.a_c,7.034384984302551e-06
pctFirstFixc_dBG,pctOnBackground.d_a,1.916830662347762e-05
pctFirstFixc_dBG,pctOnBackground.d_c,1.1010715540693438e-05
pctFirstFixc_dBG,pctSamplesOffscreenL,0.341483344903746
pctFirstFixc_dBG,pctSamplesOffscreenR,0.42352699500229746
pctFirstFixc_dBG,ARI_6_P,0.011896651766694667
pctFirstFixc_dBG,SCARED_P,0.08370109376814196
meanRT-a_a,meanRT-c_a,5.220883405702911e-19
meanRT-a_a,meanRT-a_d,1.4910800829252027e-31
meanRT-a_a,meanRT-c_d,4.1474472382082664e-26
meanRT-a_a,msTotal.a_a,0.014362626988036673
meanRT-a_a,msTotal.a_c,0.26756864805934916
meanRT-a_a,msTotal.d_a,0.19620923247786037
meanRT-a_a,msTotal.d_c,0.8038928827612309
meanRT-a_a,pctOffscreen.a_a,0.9948983954535321
meanRT-a_a,pctOffscreen.a_c,0.8316206975708251
meanRT-a_a,pctOffscreen.d_a,0.8508193501215714
meanRT-a_a,pctOffscreen.d_c,0.5891693418367182
meanRT-a_a,pctOnBackground.a_a,0.7538345449258141
meanRT-a_a,pctOnBackground.a_c,0.9334932504449208
meanRT-a_a,pctOnBackground.d_a,0.9273734586132275
meanRT-a_a,pctOnBackground.d_c,0.9659060921733926
meanRT-a_a,pctSamplesOffscreenL,0.5790724005281059
meanRT-a_a,pctSamplesOffscreenR,0.44775504627289203
meanRT-a_a,ARI_6_P,0.7251330210222614
meanRT-a_a,SCARED_P,0.10345725918035242
meanRT-c_a,meanRT-a_d,3.8823583994462036e-21
meanRT-c_a,meanRT-c_d,3.447583272734366e-22
meanRT-c_a,msTotal.a_a,0.168317880644426
meanRT-c_a,msTotal.a_c,0.29418677886849115
meanRT-c_a,msTotal.d_a,0.24144657583088294
meanRT-c_a,msTotal.d_c,0.7505602677148697
meanRT-c_a,pctOffscreen.a_a,0.8029007438473273
meanRT-c_a,pctOffscreen.a_c,0.7851392455101257
meanRT-c_a,pctOffscreen.d_a,0.8201358919112919
meanRT-c_a,pctOffscreen.d_c,0.8726333476034138
meanRT-c_a,pctOnBackground.a_a,0.570100048686063
meanRT-c_a,pctOnBackground.a_c,0.6217627097576814
meanRT-c_a,pctOnBackground.d_a,0.6451197636458065
meanRT-c_a,pctOnBackground.d_c,0.6318594865311803
meanRT-c_a,pctSamplesOffscreenL,0.8827640874311955
meanRT-c_a,pctSamplesOffscreenR,0.808401787839162
meanRT-c_a,ARI_6_P,0.7969788226352117
meanRT-c_a,SCARED_P,0.06424912298330555
meanRT-a_d,meanRT-c_d,1.295834555666884e-26
meanRT-a_d,msTotal.a_a,0.06846723625212155
meanRT-a_d,msTotal.a_c,0.27331188846886934
meanRT-a_d,msTotal.d_a,0.08127732775352496
meanRT-a_d,msTotal.d_c,0.9413771247339923
meanRT-a_d,pctOffscreen.a_a,0.9700287231575834
meanRT-a_d,pctOffscreen.a_c,0.8932352908898701
meanRT-a_d,pctOffscreen.d_a,0.9630826602971929
meanRT-a_d,pctOffscreen.d_c,0.7076370838423636
meanRT-a_d,pctOnBackground.a_a,0.8691156076720106
meanRT-a_d,pctOnBackground.a_c,0.9276100748313404
meanRT-a_d,pctOnBackground.d_a,0.9226515731499475
meanRT-a_d,pctOnBackground.d_c,0.9961400906660222
meanRT-a_d,pctSamplesOffscreenL,0.5302643204263879
meanRT-a_d,pctSamplesOffscreenR,0.4458790453162919
meanRT-a_d,ARI_6_P,0.80666663176133
meanRT-a_d,SCARED_P,0.12229560013313699
meanRT-c_d,msTotal.a_a,0.04139083335716135
meanRT-c_d,msTotal.a_c,0.21726644228049038
meanRT-c_d,msTotal.d_a,0.11000223112350309
meanRT-c_d,msTotal.d_c,0.9414932272598432
meanRT-c_d,pctOffscreen.a_a,0.9642774059729112
meanRT-c_d,pctOffscreen.a_c,0.9659060921733926
meanRT-c_d,pctOffscreen.d_a,0.8946531030913836
meanRT-c_d,pctOffscreen.d_c,0.7774747076661752
meanRT-c_d,pctOnBackground.a_a,0.8610045907106266
meanRT-c_d,pctOnBackground.a_c,0.9570631791550847
meanRT-c_d,pctOnBackground.d_a,0.99679481204993
meanRT-c_d,pctOnBackground.d_c,0.9413771247339923
meanRT-c_d,pctSamplesOffscreenL,0.7251330210222614
meanRT-c_d,pctSamplesOffscreenR,0.528762617759801
meanRT-c_d,ARI_6_P,0.8421418103129367
meanRT-c_d,SCARED_P,0.11415376490718614
msTotal.a_a,msTotal.a_c,0.3325390878729041
msTotal.a_a,msTotal.d_a,0.7568034036102472
msTotal.a_a,msTotal.d_c,0.12027989478633246
msTotal.a_a,pctOffscreen.a_a,0.80666663176133
msTotal.a_a,pctOffscreen.a_c,0.8932352908898701
msTotal.a_a,pctOffscreen.d_a,0.8236722176818917
msTotal.a_a,pctOffscreen.d_c,0.7260398113945874
msTotal.a_a,pctOnBackground.a_a,0.2868151458350335
msTotal.a_a,pctOnBackground.a_c,0.3591778723150883
msTotal.a_a,pctOnBackground.d_a,0.5328509835585423
msTotal.a_a,pctOnBackground.d_c,0.4568220545107212
msTotal.a_a,pctSamplesOffscreenL,0.7679687423794795
msTotal.a_a,pctSamplesOffscreenR,0.7210015263558045
msTotal.a_a,ARI_6_P,0.808401787839162
msTotal.a_a,SCARED_P,0.31720359329257775
msTotal.a_c,msTotal.d_a,0.1830840931858659
msTotal.a_c,msTotal.d_c,0.580573547073304
msTotal.a_c,pctOffscreen.a_a,0.7175964372609018
msTotal.a_c,pctOffscreen.a_c,0.9630826602971929
msTotal.a_c,pctOffscreen.d_a,0.7851392455101257
msTotal.a_c,pctOffscreen.d_c,0.35297541428839185
msTotal.a_c,pctOnBackground.a_a,0.38223580705797033
msTotal.a_c,pctOnBackground.a_c,0.3087543343401082
msTotal.a_c,pctOnBackground.d_a,0.6602446223272732
msTotal.a_c,pctOnBackground.d_c,0.885275371229432
msTotal.a_c,pctSamplesOffscreenL,0.7722681728894056
msTotal.a_c,pctSamplesOffscreenR,0.5336645303186822
msTotal.a_c,ARI_6_P,0.3064019717170016
msTotal.a_c,SCARED_P,0.2837669598981363
msTotal.d_a,msTotal.d_c,0.853920829116405
msTotal.d_a,pctOffscreen.a_a,0.7102325354752541
msTotal.d_a,pctOffscreen.a_c,0.8643146069887673
msTotal.d_a,pctOffscreen.d_a,0.8584107916143494
msTotal.d_a,pctOffscreen.d_c,0.9226515731499475
msTotal.d_a,pctOnBackground.a_a,0.9274515093273309
msTotal.d_a,pctOnBackground.a_c,0.8878309809622983
msTotal.d_a,pctOnBackground.d_a,0.9652613529957297
msTotal.d_a,pctOnBackground.d_c,0.8508193501215714
msTotal.d_a,pctSamplesOffscreenL,0.972168237593056
msTotal.d_a,pctSamplesOffscreenR,0.928235570194358
msTotal.d_a,ARI_6_P,0.7130613654221006
msTotal.d_a,SCARED_P,0.7632318846608231
msTotal.d_c,pctOffscreen.a_a,0.9563464893980768
msTotal.d_c,pctOffscreen.a_c,0.5730661307826469
msTotal.d_c,pctOffscreen.d_a,0.3128556476634952
msTotal.d_c,pctOffscreen.d_c,0.89327455856075
msTotal.d_c,pctOnBackground.a_a,0.7673814672539668
msTotal.d_c,pctOnBackground.a_c,0.597696780768719
msTotal.d_c,pctOnBackground.d_a,0.3255125216210717
msTotal.d_c,pctOnBackground.d_c,0.7461540707221698
msTotal.d_c,pctSamplesOffscreenL,0.9249315116652562
msTotal.d_c,pctSamplesOffscreenR,0.9084512297948555
msTotal.d_c,ARI_6_P,0.9166642733427046
msTotal.d_c,SCARED_P,0.8168943824136302
pctOffscreen.a_a,pctOffscreen.a_c,2.6554957443428895e-10
pctOffscreen.a_a,pctOffscreen.d_a,7.477333074656659e-08
pctOffscreen.a_a,pctOffscreen.d_c,6.1103179369460926e-09
pctOffscreen.a_a,pctOnBackground.a_a,0.0021699704122604296
pctOffscreen.a_a,pctOnBackground.a_c,0.02503098889569374
pctOffscreen.a_a,pctOnBackground.d_a,0.0388814168810518
pctOffscreen.a_a,pctOnBackground.d_c,0.01864163895867254
pctOffscreen.a_a,pctSamplesOffscreenL,1.727757714988531e-14
pctOffscreen.a_a,pctSamplesOffscreenR,8.117611531209829e-14
pctOffscreen.a_a,ARI_6_P,0.19101913896725461
pctOffscreen.a_a,SCARED_P,0.9352977032539065
pctOffscreen.a_c,pctOffscreen.d_a,1.0190930154511163e-14
pctOffscreen.a_c,pctOffscreen.d_c,5.202638043630409e-09
pctOffscreen.a_c,pctOnBackground.a_a,0.010225333221576954
pctOffscreen.a_c,pctOnBackground.a_c,0.0003147811558009609
pctOffscreen.a_c,pctOnBackground.d_a,0.001888687545551528
pctOffscreen.a_c,pctOnBackground.d_c,0.005500017317137523
pctOffscreen.a_c,pctSamplesOffscreenL,1.786691387649871e-08
pctOffscreen.a_c,pctSamplesOffscreenR,9.050974556888493e-12
pctOffscreen.a_c,ARI_6_P,0.18700114755212768
pctOffscreen.a_c,SCARED_P,0.8495626889824766
pctOffscreen.d_a,pctOffscreen.d_c,3.40498214480834e-10
pctOffscreen.d_a,pctOnBackground.a_a,0.033263798393370694
pctOffscreen.d_a,pctOnBackground.a_c,0.005323336577171765
pctOffscreen.d_a,pctOnBackground.d_a,0.0003183904925407107
pctOffscreen.d_a,pctOnBackground.d_c,0.004648743272579737
pctOffscreen.d_a,pctSamplesOffscreenL,4.736689150962085e-10
pctOffscreen.d_a,pctSamplesOffscreenR,6.76126188004838e-13
pctOffscreen.d_a,ARI_6_P,0.3064019717170016
pctOffscreen.d_a,SCARED_P,0.5611754527475835
pctOffscreen.d_c,pctOnBackground.a_a,0.025165803814198515
pctOffscreen.d_c,pctOnBackground.a_c,0.03437714009780745
pctOffscreen.d_c,pctOnBackground.d_a,0.011124491217140665
pctOffscreen.d_c,pctOnBackground.d_c,2.7181700039213852e-05
pctOffscreen.d_c,pctSamplesOffscreenL,1.8529425122318915e-15
pctOffscreen.d_c,pctSamplesOffscreenR,8.626512194627895e-19
pctOffscreen.d_c,ARI_6_P,0.22643706967695718
pctOffscreen.d_c,SCARED_P,0.7761704199818408
pctOnBackground.a_a,pctOnBackground.a_c,3.113808769646143e-21
pctOnBackground.a_a,pctOnBackground.d_a,2.5481340348299068e-21
pctOnBackground.a_a,pctOnBackground.d_c,5.154112783645198e-18
pctOnBackground.a_a,pctSamplesOffscreenL,0.026122152349618413
pctOnBackground.a_a,pctSamplesOffscreenR,0.011989663550714267
pctOnBackground.a_a,ARI_6_P,0.9700943949355522
pctOnBackground.a_a,SCARED_P,0.2939016717607265
pctOnBackground.a_c,pctOnBackground.d_a,1.295834555666884e-26
pctOnBackground.a_c,pctOnBackground.d_c,2.63270937969199e-16
pctOnBackground.a_c,pctSamplesOffscreenL,0.06764686837257027
pctOnBackground.a_c,pctSamplesOffscreenR,0.018000268981592026
pctOnBackground.a_c,ARI_6_P,0.8508193501215714
pctOnBackground.a_c,SCARED_P,0.3724200638227132
pctOnBackground.d_a,pctOnBackground.d_c,1.2703192236909894e-18
pctOnBackground.d_a,pctSamplesOffscreenL,0.0271681005387394
pctOnBackground.d_a,pctSamplesOffscreenR,0.0073584158957322844
pctOnBackground.d_a,ARI_6_P,0.8053771734334952
pctOnBackground.d_a,SCARED_P,0.5153722041891288
pctOnBackground.d_c,pctSamplesOffscreenL,0.004099523256972709
pctOnBackground.d_c,pctSamplesOffscreenR,0.001038965392772616
pctOnBackground.d_c,ARI_6_P,0.8932352908898701
pctOnBackground.d_c,SCARED_P,0.3591778723150883
pctSamplesOffscreenL,pctSamplesOffscreenR,3.338581429055104e-28
pctSamplesOffscreenL,ARI_6_P,0.5404188635526037
pctSamplesOffscreenL,SCARED_P,0.8853726849836611
pctSamplesOffscreenR,ARI_6_P,0.37627737653660875
pctSamplesOffscreenR,SCARED_P,0.8584107916143494
ARI_6_P,SCARED_P,0.0012675412291322402
